Date,Country,Cumulative number of case(s),Number of deaths,Number recovered
17 March 2003,  Germany ,   1 ,  0,
17 March 2003, Canada  , 8, 2,
17 March 2003, Singapore , 20, 0,
17 March 2003, Hong Kong Special Administrative Region of China , 95 , 1**,
17 March 2003, Switzerland, 2, 0,
17 March 2003, Thailand , 1 , 0,
17 March 2003, Viet Nam  , 40, 1,
18 March 2003,Germany,2,0,
18 March 2003,Canada,8,2,
18 March 2003,"China 
    +", , ,
18 March 2003,Singapore,"
    23",0,
18 March 2003,Hong Kong Special Administrative Region of China,123,1**,
18 March 2003,"
    Taiwan, China ","
    3",0,
18 March 2003,Thailand,1 ,0,
18 March 2003,Viet Nam, 57,1,
18 March 2003,Slovenia,1,"
    0",
18 March 2003,"
    United Kingdom",1,0,
19 March 2003,Canada,8,2,
19 March 2003,China+, , ,
19 March 2003,Germany,1,0,
19 March 2003,Hong Kong Special Administrative Region of China,150,5**,
19 March 2003,Singapore,31,0,
19 March 2003, Slovenia,1,0,
19 March 2003,Spain,1 ,0,
19 March 2003,"Taiwan, China",3,0,
19 March 2003,Thailand,1,0,
19 March 2003,United Kingdom,1,0,
19 March 2003,United States,11,0,
19 March 2003,Viet Nam,56,2,
20 March 2003,Canada ,"
9
","
2
",
20 March 2003,China +,"
 
","
 
",
20 March 2003,Germany ,"
1
","
0
",
20 March 2003,Hong Kong Special Administrative Region of China ,"
173
","
6**
",
20 March 2003,Singapore ,"
34
","
0
",
20 March 2003,Slovenia ,"
1
","
0
",
20 March 2003,Spain ,"
1
","
0
",
20 March 2003,Switzerland ,"
7
","
0
",
20 March 2003,"Taiwan, China ","
4
","
0
",
20 March 2003,Thailand ,"
1
","
0
",
20 March 2003,United Kingdom ,"
2
","
0
",
20 March 2003,United States ,"
11
","
0
",
20 March 2003,Viet Nam ,"
62
","
2
",
21 March 2003,Canada , 9, 2,
21 March 2003,China +,  ,  ,
21 March 2003,Germany , 1, 0,
21 March 2003,Hong Kong Special Administrative Region of China , 203, 6**,
21 March 2003,Italy , 1, 0,
21 March 2003,Republic of Ireland , 1, 0,
21 March 2003,Singapore , 39, 0,
21 March 2003,Slovenia , 1, 0,
21 March 2003,Spain , 1, 0,
21 March 2003,Switzerland , 7, 0,
21 March 2003,"Taiwan, China ", 6, 0,
21 March 2003,Thailand , 4, 0,
21 March 2003,United Kingdom , 2, 0,
21 March 2003,United States , 13, 0,
21 March 2003,Viet Nam , 62, 2,
22 March 2003,Canada , 9, 2,
22 March 2003,China + ,  ,  ,
22 March 2003,Germany , 2, 0,
22 March 2003,Hong Kong Special Administrative Region of China , 222, 7**,
22 March 2003,Italy , 2, 0,
22 March 2003,Republic of Ireland , 1, 0,
22 March 2003,Singapore , 44, 0,
22 March 2003,Slovenia , 1, 0,
22 March 2003,Spain , 1, 0,
22 March 2003,Switzerland , 7, 0,
22 March 2003,"Taiwan, China ", 6, 0,
22 March 2003,Thailand , 4, 0,
22 March 2003,United Kingdom , 2, 0,
22 March 2003,United States , 22, 0,
22 March 2003,Viet Nam , 63, 2,
24 March 2003,Canada , 11, 3,
24 March 2003,China + ,  ,  ,
24 March 2003,France , 1, 0,
24 March 2003,Germany , 4, 0,
24 March 2003,Hong Kong Special Administrative Region of China , 260, 10**,
24 March 2003,Italy , 2, 0,
24 March 2003,Republic of Ireland , 1, 0,
24 March 2003,Singapore , 65, 0,
24 March 2003,Spain , 1, 0,
24 March 2003,Switzerland , 2, 0,
24 March 2003,"Taiwan, China ", 6, 0,
24 March 2003,Thailand , 5, 0,
24 March 2003,United Kingdom , 3, 0,
24 March 2003,United States , 37 §, 0,
24 March 2003,Viet Nam , 58, 4,
25 March 2003,Canada , 11, 3,
25 March 2003,China + ,  ,  ,
25 March 2003,France , 1, 0,
25 March 2003,Germany , 4, 0,
25 March 2003,Hong Kong Special Administrative Region of China , 286, 10**,
25 March 2003,Italy , 2, 0,
25 March 2003,Republic of Ireland , 1, 0,
25 March 2003,Singapore , 69, 0,
25 March 2003,Switzerland , 2, 0,
25 March 2003,"Taiwan, China ", 6, 0,
25 March 2003,Thailand , 5, 0,
25 March 2003,United Kingdom , 3, 0,
25 March 2003,United States , 39 §, 0,
25 March 2003,Viet Nam , 58, 4,
26 March 2003,Canada , 19, 3,
26 March 2003,"China, Guangdong Province+  ",792,31,
26 March 2003,"China, Hong Kong Special Administrative Region  ", 316, 10**,
26 March 2003,"China, Taiwan ", 6, 0,
26 March 2003,France , 1, 0,
26 March 2003,Germany , 4, 0,
26 March 2003,Italy , 3, 0,
26 March 2003,Republic of Ireland , 2, 0,
26 March 2003,Singapore , 74, 1,
26 March 2003,Switzerland , 2, 0,
26 March 2003,Thailand , 3, 0,
26 March 2003,United Kingdom , 3, 0,
26 March 2003,United States , 40 §, 0,
26 March 2003,Viet Nam , 58, 4,
27 March 2003,Canada , 28, 3,
27 March 2003,China +  ,806,34,
27 March 2003,"China, Hong Kong Special Administrative Region  ", 367, 10**,
27 March 2003,"China, Taiwan ", 6, 0,
27 March 2003,France , 1, 0,
27 March 2003,Germany , 4, 0,
27 March 2003,Italy , 2, 0,
27 March 2003,Republic of Ireland , 2, 0,
27 March 2003,Romania , 3, 0,
27 March 2003,Singapore , 78, 2,
27 March 2003,Switzerland , 2, 0,
27 March 2003,Thailand , 3, 0,
27 March 2003,United Kingdom , 3, 0,
27 March 2003,United States , 45 §, 0,
27 March 2003,Viet Nam , 58, 4,
28 March 2003,Canada ,  29, 3,
28 March 2003,China3  ,806,34,
28 March 2003,"China, Hong Kong Special Administrative Region  ", 425,  10*,
28 March 2003,"China, Taiwan ",  10, 0,
28 March 2003,France , 1, 0,
28 March 2003,Germany , 4, 0,
28 March 2003,Italy , 2, 0,
28 March 2003,Republic of Ireland , 2, 0,
28 March 2003,Romania , 3, 0,
28 March 2003,Singapore ,  86, 2,
28 March 2003,Switzerland , 2, 0,
28 March 2003,Thailand , 3, 0,
28 March 2003,United Kingdom , 3, 0,
28 March 2003,United States , 51 §, 0,
28 March 2003,Viet Nam , 58, 4,
29 March 2003,Canada ,  37, 3,
29 March 2003,China3  ,806,34,
29 March 2003,"China, Hong Kong Special Administrative Region  ", 470,  10*,
29 March 2003,"China, Taiwan ",  10, 0,
29 March 2003,France , 1, 0,
29 March 2003,Germany , 4, 0,
29 March 2003,Italy , 2, 0,
29 March 2003,Republic of Ireland , 2, 0,
29 March 2003,Romania , 3, 0,
29 March 2003,Singapore ,  89, 2,
29 March 2003,Switzerland , 3, 0,
29 March 2003,Thailand , 3, 1,
29 March 2003,United Kingdom  , 3, 0,
29 March 2003,United States , 59 §, 0,
29 March 2003,Viet Nam , 58, 4,
31 March 2003,Canada ,  44, 4,
31 March 2003,China3  ,806,34,
31 March 2003,"China, Hong Kong Special Administrative Region  ", 530,  13*,
31 March 2003,"China, Taiwan ",  10, 0,
31 March 2003,France , 1, 0,
31 March 2003,Germany , 5, 0,
31 March 2003,Italy , 2, 0,
31 March 2003,Republic of Ireland , 2, 0,
31 March 2003,Romania , 3, 0,
31 March 2003,Singapore ,  91, 2,
31 March 2003,Switzerland , 3, 0,
31 March 2003,Thailand , 5, 1,
31 March 2003,United Kingdom , 3, 0,
31 March 2003,United States , 59 §, 0,
31 March 2003,Viet Nam , 58, 4,
1 April 2003,Australia ,  1,  0,
1 April 2003,Belgium ,  1,  0,
1 April 2003,Canada ,  53, 4,
1 April 2003,China3  ,806,34,
1 April 2003,"China, Hong Kong Special Administrative Region  ", 685,  16*,
1 April 2003,"China, Taiwan ",  13, 0,
1 April 2003,France , 1, 0,
1 April 2003,Germany , 5, 0,
1 April 2003,Italy ,  3, 0,
1 April 2003,Republic of Ireland , 2, 0,
1 April 2003,Romania , 3, 0,
1 April 2003,Singapore ,  92, 3,
1 April 2003,Switzerland , 3, 0,
1 April 2003,Thailand ,  6, 1,
1 April 2003,United Kingdom , 3, 0,
1 April 2003,United States , 69 §, 0,
1 April 2003,Viet Nam , 58, 4,
2 April 2003,Australia , 1, 0,
2 April 2003,Belgium , 1, 0,
2 April 2003,Canada , 58, 6,
2 April 2003,China , 1190, 46,
2 April 2003,"China, Hong Kong Special Administrative Region", 708, 16*,
2 April 2003,"China, Taiwan", 13, 0,
2 April 2003,France , 1, 0,
2 April 2003,Germany , 5, 0,
2 April 2003,Italy , 3, 0,
2 April 2003,Republic of Ireland , 2, 0,
2 April 2003,Romania , 3, 0,
2 April 2003,Singapore , 95, 4,
2 April 2003,Spain , 1, 0,
2 April 2003,Switzerland , 2, 0,
2 April 2003,Thailand , 7, 2,
2 April 2003,United Kingdom , 3, 0,
2 April 2003,United States , 72§, 0,
2 April 2003,Viet Nam , 58, 4,
3 April 2003,Australia , 1, 0,
3 April 2003,Belgium , 1, 0,
3 April 2003,Brazil ,1,0,
3 April 2003,Canada , 62, 6,
3 April 2003,China , 1190, 46,
3 April 2003,"China, Hong Kong Special Administrative Region", 734, 17*,
3 April 2003,"China, Taiwan", 14, 0,
3 April 2003,France , 3, 0,
3 April 2003,Germany , 5, 0,
3 April 2003,Italy , 3, 0,
3 April 2003,Republic of Ireland , 1, 0,
3 April 2003,Romania , 1, 0,
3 April 2003,Singapore , 98, 4,
3 April 2003,Switzerland , 2, 0,
3 April 2003,Thailand , 7, 2,
3 April 2003,United Kingdom , 3, 0,
3 April 2003,United States , 85§, 0,
3 April 2003,Viet Nam , 59, 4,
4 April 2003,Australia , 1, 0,
4 April 2003,Belgium , 1, 0,
4 April 2003,Brazil ,1,0,
4 April 2003,Canada ,  69, 7,
4 April 2003,China,"
   1220", 49,
4 April 2003,"China, Hong Kong Special Administrative Region",  761, 17*,
4 April 2003,"China, Taiwan",  15, 0,
4 April 2003,France , 3, 0,
4 April 2003,Germany , 5, 0,
4 April 2003,Italy , 3, 0,
4 April 2003,Republic of Ireland , 1, 0,
4 April 2003,Romania , 1, 0,
4 April 2003,Singapore , 100,  5,
4 April 2003,Spain, 1, 0,
4 April 2003,Switzerland , 2, 0,
4 April 2003,Thailand , 7, 2,
4 April 2003,United Kingdom , 3, 0,
4 April 2003,United States ,  100§, 0,
4 April 2003,Viet Nam , 59, 4,
5 April 2003,Australia , 1, 0,
5 April 2003,Belgium , 1, 0,
5 April 2003,Brazil , 1, 0,
5 April 2003,Canada , 74, 7,
5 April 2003,China , 1220, 49,
5 April 2003,"China, Hong Kong Special Administrative Region", 800, 20*,
5 April 2003,"China, Taiwan", 17, 0,
5 April 2003,France , 3, 0,
5 April 2003,Germany , 5, 0,
5 April 2003,Italy , 3, 0,
5 April 2003,Malaysia , 1, 1,
5 April 2003,Republic of Ireland , 1, 0,
5 April 2003,Romania , 1, 0,
5 April 2003,Singapore , 101, 6,
5 April 2003,Spain , 1, 0,
5 April 2003,Switzerland , 1, 0,
5 April 2003,Thailand , 7, 2,
5 April 2003,United Kingdom , 4, 0,
5 April 2003,United States , 115§, 0,
5 April 2003,Viet Nam , 59, 4,
7 April 2003,Australia , 1, 0,
7 April 2003,Brazil , 1, 0,
7 April 2003,Canada , 90, 9,
7 April 2003,China , 1268, 53,
7 April 2003,"China, Hong Kong Special Administrative Region", 883, 23*,
7 April 2003,"China, Taiwan", 21, 0,
7 April 2003,France , 3, 0,
7 April 2003,Germany , 5, 0,
7 April 2003,Italy , 3, 0,
7 April 2003,Malaysia , 1, 1,
7 April 2003,Republic of Ireland , 1, 0,
7 April 2003,Romania , 1, 0,
7 April 2003,Singapore , 106, 6,
7 April 2003,Spain , 1, 0,
7 April 2003,Switzerland , 1, 0,
7 April 2003,Thailand , 7, 2,
7 April 2003,United Kingdom , 5, 0,
7 April 2003,United States , 141§, 0,
7 April 2003,Viet Nam , 62, 4,
8 April 2003,Australia , 1, 0,
8 April 2003,Brazil , 1, 0,
8 April 2003,Canada ,  91, 10,
8 April 2003,China , 1279, 53,
8 April 2003,"China, Hong Kong Special Administrative Region",  928, 25*,
8 April 2003,"China, Taiwan",  19, 0,
8 April 2003,France ,  4, 0,
8 April 2003,Germany , 5, 0,
8 April 2003,Italy , 3, 0,
8 April 2003,Malaysia , 1, 1,
8 April 2003,Republic of Ireland , 1, 0,
8 April 2003,Romania , 1, 0,
8 April 2003,Singapore ,  113, 8,
8 April 2003,Spain , 1, 0,
8 April 2003,Switzerland , 1, 0,
8 April 2003,Thailand , 7, 2,
8 April 2003,United Kingdom , 5, 0,
8 April 2003,United States , 148§, 0,
8 April 2003,Viet Nam , 62, 4,
9 April 2003,Brazil , 1, 0,
9 April 2003,Canada ,  94, 10,
9 April 2003,China , 1280, 53,
9 April 2003,"China, Hong Kong Special Administrative Region",  970, 27*,
9 April 2003,"China, Taiwan",  19, 0,
9 April 2003,France ,  4, 0,
9 April 2003,Germany , 5, 0,
9 April 2003,Italy , 3, 0,
9 April 2003,Malaysia , 1, 1,
9 April 2003,Republic of Ireland , 1, 0,
9 April 2003,Romania , 1, 0,
9 April 2003,Singapore ,  118, 9,
9 April 2003,Spain , 1, 0,
9 April 2003,Switzerland , 1, 0,
9 April 2003,Thailand , 7, 2,
9 April 2003,United Kingdom , 5, 0,
9 April 2003,United States , 149, 0,
9 April 2003,Viet Nam , 62, 4,
10 April 2003,Brazil ,"
     2",0, 0
10 April 2003,Canada ," 
     97",10, 22
10 April 2003,China ,"
     1290",55, 1025
10 April 2003,"China, Hong Kong Special Administrative Region
    4",  998,30, 154
10 April 2003,"China, Taiwan",  19,0, 5
10 April 2003,France ,  4,0, 0
10 April 2003,Germany ,"
     6",0, 2
10 April 2003,Italy , 3,0, 1
10 April 2003,Kuwait, 1,0, 0
10 April 2003,Malaysia , 3,1, 0
10 April 2003,Republic of Ireland , 1,0, 1
10 April 2003,Romania , 1,0, not available
10 April 2003,Singapore ," 
     126",9, 75
10 April 2003,Spain , 1,0, 0
10 April 2003,Switzerland , 1,0, 1
10 April 2003,Thailand , 7,2, 5
10 April 2003,United Kingdom , 5,0, 3
10 April 2003,United States ,"
     154",0," not 
    available"
10 April 2003,Viet Nam , 62,4, 43
11 April 2003,Brazil , 2,0, 0
11 April 2003,Canada , 98,10,25
11 April 2003,China , 1309,58, 1037
11 April 2003,"China, Hong Kong Special Administrative Region 4", 1059,32, 169
11 April 2003,"China, Taiwan", 21,0, 6
11 April 2003,France , 5,0, 0
11 April 2003,Germany , 6,0, 4
11 April 2003,Italy , 3,0,2
11 April 2003,Japan,4,0,0
11 April 2003,Kuwait, 1,0, 0
11 April 2003,Malaysia , 4,1, 0
11 April 2003,Republic of Ireland , 1,0, 1
11 April 2003,Romania , 1,0, not available
11 April 2003,Singapore , 133,9, 77
11 April 2003,South Africa,1,0,0
11 April 2003,Spain , 1,0, 0
11 April 2003,Switzerland , 1,0, 1
11 April 2003,Thailand , 7,2, 5
11 April 2003,United Kingdom , 5,0, 3
11 April 2003,United States , 166,0, not available
11 April 2003,Viet Nam , 62,4, 43
12 April 2003,Brazil , 2,0, 0
12 April 2003,Canada , 101,10,26
12 April 2003,China , 1309,58, 1037
12 April 2003,"China, Hong Kong Special Administrative Region 4",1108,35, 215
12 April 2003,"China, Taiwan",23,0, 7
12 April 2003,France , 5,0,1
12 April 2003,Germany , 6,0, 4
12 April 2003,Italy , 3,0,2
12 April 2003,Japan,4,0,0
12 April 2003,Kuwait, 1,0, 0
12 April 2003,Malaysia , 4,1, 0
12 April 2003,Republic of Ireland , 1,0, 1
12 April 2003,Romania , 1,0, not available
12 April 2003,Singapore ,147,9, 77
12 April 2003,South Africa,1,0,0
12 April 2003,Spain , 1,0, 0
12 April 2003,Switzerland , 1,0, 1
12 April 2003,Thailand , 8,2, 5
12 April 2003,United Kingdom , 6,0, 3
12 April 2003,United States , 166,0, not available
12 April 2003,Viet Nam 5 , 62,4, 46
14 April 2003,Brazil , 2,0, 0
14 April 2003,Canada ,"
   100",13,"
  27"
14 April 2003,China ,"
     1418","
64", 1088
14 April 2003,"China, Hong Kong Special Administrative Region 4","
    1190","
47", 229
14 April 2003,"China, Taiwan",23,0, 7
14 April 2003,France , 5,0,1
14 April 2003,"
  Germany ", 6,0, 4
14 April 2003,Indonesia,"
     1",0,"
0"
14 April 2003,Italy , 3,0,2
14 April 2003,Kuwait, 1,0, 0
14 April 2003,Malaysia , 4,1, 0
14 April 2003,Philippines,"
     1","
0", 1
14 April 2003,Republic of Ireland , 1,0, 1
14 April 2003,Romania , 1,0, not available
14 April 2003,Singapore ,158,"
12", 84
14 April 2003,South Africa,1,0,0
14 April 2003,Spain , 1,0, 0
14 April 2003,Sweden, 1,0,"
     0"
14 April 2003,Switzerland , 1,0, 1
14 April 2003,Thailand , 8,2, 5
14 April 2003,United Kingdom , 6,0, 3
14 April 2003,United States ,"
     174",0, not available
14 April 2003,Viet Nam ,"
     63","
5", 46
15 April 2003,Brazil , 2,0, 0
15 April 2003,Canada ,  100,13, 27
15 April 2003,China ,  1418, 64, 1088
15 April 2003,"China, Hong Kong Special Administrative Region 5", 1232, 56, 243
15 April 2003,"China, Taiwan",23,0, 7
15 April 2003,France , 5,0,1
15 April 2003, Germany , 6,0, 4
15 April 2003,Indonesia,  1,0, 0
15 April 2003,Italy , 3,0,2
15 April 2003,Japan, 1,0, 0
15 April 2003,Kuwait, 1,0, 0
15 April 2003,Malaysia , 4,1, 0
15 April 2003,Philippines,  1, 0, 1
15 April 2003,Republic of Ireland , 1,0, 1
15 April 2003,Romania , 1,0,  1
15 April 2003,Singapore ,162, 13, 85
15 April 2003,South Africa,1,0,0
15 April 2003,Spain , 1,0, 0
15 April 2003,Sweden, 1,0,  0
15 April 2003,Switzerland , 1,0, 1
15 April 2003,Thailand , 8,2, 5
15 April 2003,United Kingdom , 6,0, 3
15 April 2003,United States ,  193,0, not available
15 April 2003,Viet Nam ,  63, 5, 46
16 April 2003,Brazil , 2,0, 0
16 April 2003,Canada ,  103,13, 37
16 April 2003,China ,  1432, 64, 1094
16 April 2003,"China, Hong Kong Special Administrative Region 5", 1268, 61, 257
16 April 2003,"China, Taiwan", 27,0,  10
16 April 2003,France , 5,0,1
16 April 2003, Germany , 6,0, 4
16 April 2003,Indonesia,  1,0, 0
16 April 2003,Italy , 3,0,2
16 April 2003,Japan, 1,0, 0
16 April 2003,Kuwait, 1,0, 0
16 April 2003,Malaysia ,  5,1, 0
16 April 2003,Philippines,  1, 0, 1
16 April 2003,Republic of Ireland , 1,0, 1
16 April 2003,Romania , 1,0,  1
16 April 2003,Singapore ,162, 13, 85
16 April 2003,South Africa,1,0,0
16 April 2003,Spain , 1,0, 0
16 April 2003,Sweden, 1,0,  0
16 April 2003,Switzerland , 1,0, 1
16 April 2003,Thailand , 8,2, 5
16 April 2003,United Kingdom , 6,0, 3
16 April 2003,United States ,  193,0, not available
16 April 2003,Viet Nam ,  63, 5, 46
17 April 2003,Australia , 3,0, 3
17 April 2003,Brazil , 2,0, 0
17 April 2003,Canada ,  126, 12, 46
17 April 2003,China ,  1457, 65, 1107
17 April 2003,"China, Hong Kong Special Administrative Region 5", 1297,  65, 272
17 April 2003,"China, Taiwan", 27,0,  10
17 April 2003,France , 5,0,1
17 April 2003, Germany , 6,0, 4
17 April 2003,India,  1,0, 0
17 April 2003,Indonesia,  1,0, 0
17 April 2003,Italy , 3,0,2
17 April 2003,Japan,  2,0, 0
17 April 2003,Kuwait, 1,0, 0
17 April 2003,Malaysia ,  5,1, 0
17 April 2003,Mongolia,  3,0,3
17 April 2003,Philippines,  1, 0, 1
17 April 2003,Republic of Ireland , 1,0, 1
17 April 2003,Romania , 1,0,  1
17 April 2003,Singapore ,167,  15, 91
17 April 2003,South Africa,1,0,0
17 April 2003,Spain , 1,0, 0
17 April 2003,Sweden, 1,0,  0
17 April 2003,Switzerland , 1,0, 1
17 April 2003,Thailand , 8,2, 5
17 April 2003,United Kingdom , 6,0, 3
17 April 2003,United States ,  199,0, not available
17 April 2003,Viet Nam ,  63, 5, 46
18 April 2003,Australia , 3,0, 3
18 April 2003,Brazil , 2,0, 0
18 April 2003,Canada ,132,12,54
18 April 2003,China , 1512,65,1140
18 April 2003,"China, Hong Kong Special Administrative Region 5",1358,81,363
18 April 2003,"China, Taiwan",29,0,17
18 April 2003,France , 5,0,1
18 April 2003,Germany , 6,0, 4
18 April 2003,India, 1,0,1
18 April 2003,Indonesia, 1,0,0
18 April 2003,Italy , 3,0,2
18 April 2003,Japan, 4,0, 0
18 April 2003,Kuwait, 1,0, 0
18 April 2003,Malaysia , 5,1, 0
18 April 2003,Mongolia, 3,0,3
18 April 2003,Philippines, 1,0, 1
18 April 2003,Republic of Ireland , 1,0, 1
18 April 2003,Romania , 1,0, 1
18 April 2003,Singapore ,177,16,100
18 April 2003,South Africa,1,0,0
18 April 2003,Spain , 1,0, 0
18 April 2003,Sweden,3,0, 0
18 April 2003,Switzerland , 1,0, 1
18 April 2003,Thailand , 7,2, 6
18 April 2003,United Kingdom , 6,0, 5
18 April 2003,United States ,220,0, not available
18 April 2003,Viet Nam , 63,5, 46
19 April 2003,Australia , 3,0, 3
19 April 2003,Brazil , 2,0, 0
19 April 2003,Canada ,132,12,54
19 April 2003,China , 1512,65,1140
19 April 2003,"China, Hong Kong Special Administrative Region 5",1358,81,363
19 April 2003,"China, Taiwan",29,0,17
19 April 2003,France , 5,0,1
19 April 2003,Germany , 6,0, 4
19 April 2003,India, 1,0,1
19 April 2003,Indonesia, 1,0,0
19 April 2003,Italy , 3,0,2
19 April 2003,Japan, 4,0, 0
19 April 2003,Kuwait, 1,0, 0
19 April 2003,Malaysia , 5,1, 0
19 April 2003,Mongolia, 3,0,3
19 April 2003,Philippines, 1,0, 1
19 April 2003,Republic of Ireland , 1,0, 1
19 April 2003,Romania , 1,0, 1
19 April 2003,Singapore ,177,16,100
19 April 2003,South Africa,1,0,0
19 April 2003,Spain , 1,0, 0
19 April 2003,Sweden,3,0, 0
19 April 2003,Switzerland , 1,0, 1
19 April 2003,Thailand , 7,2, 6
19 April 2003,United Kingdom , 6,0, 5
19 April 2003,United States ,220,0, not available
19 April 2003,Viet Nam , 63,5, 46
21 April 2003,Australia , 3,0, 3
21 April 2003,Brazil , 2,0, 0
21 April 2003,Canada ,132,12,54
21 April 2003,China , 1959,"
86",1187
21 April 2003,"China, Hong Kong Special Administrative Region4",1402,"
94",436
21 April 2003,"China, Taiwan",29,0,17
21 April 2003,France , 5,0,1
21 April 2003,Germany , 6,0, 4
21 April 2003,India, 1,0,1
21 April 2003,Indonesia, 1,0,0
21 April 2003,Italy , 3,0,2
21 April 2003,Japan,"
     5",0, 0
21 April 2003,Kuwait, 1,0, 1
21 April 2003,Malaysia ,"
     6",1, 0
21 April 2003,Mongolia, 3,0,3
21 April 2003,Philippines,"
    2","
    1", 1
21 April 2003,Republic of Ireland , 1,0, 1
21 April 2003,Romania , 1,0, 1
21 April 2003,Singapore ,"
    178",16,104
21 April 2003,South Africa,1,0,0
21 April 2003,Spain , 1,0, 0
21 April 2003,Sweden,3,0, 0
21 April 2003,Switzerland , 1,0, 1
21 April 2003,Thailand , 7,2, 5
21 April 2003,United Kingdom , 6,0, 5
21 April 2003,United States5,"
    39",0, not available
21 April 2003,Viet Nam , 63,5, 46
22 April 2003,Australia , 3,0, 3
22 April 2003,Brazil , 2,0, 0
22 April 2003,Canada , 139,13,65
22 April 2003,China ,  2001, 92,1201
22 April 2003,"China, Hong Kong Special Administrative Region4", 1434, 99,461
22 April 2003,"China, Taiwan",29,0,21
22 April 2003,France , 5,0,1
22 April 2003,Germany ,  7,0, 6
22 April 2003,India, 1,0,1
22 April 2003,Indonesia, 1,0,0
22 April 2003,Italy , 3,0,2
22 April 2003,Japan,  2,0, 0
22 April 2003,Kuwait, 1,0, 1
22 April 2003,Malaysia ,  6,1, 0
22 April 2003,Mongolia, 3,0,3
22 April 2003,Philippines, 2, 1, 1
22 April 2003,Republic of Ireland , 1,0, 1
22 April 2003,Romania , 1,0, 1
22 April 2003,Singapore , 186, 16,110
22 April 2003,South Africa,1,0,0
22 April 2003,Spain , 1,0, 0
22 April 2003,Sweden,3,0, 0
22 April 2003,Switzerland , 1,0, 1
22 April 2003,Thailand , 7,2, 5
22 April 2003,United Kingdom , 6,0, 5
22 April 2003,United States, 38,0, not available
22 April 2003,Viet Nam , 63,5, 46
23 April 2003,Australia ,  4,0, 3
23 April 2003,Brazil , 2,0, 0
23 April 2003,Canada , 140,13,65
23 April 2003,China ,  2305, 106,1231
23 April 2003,"China, Hong Kong Special Administrative Region4", 1458, 105,522
23 April 2003,"China, Taiwan", 37,0,21
23 April 2003,France , 5,0,1
23 April 2003,Germany ,  7,0, 6
23 April 2003,India, 1,0,1
23 April 2003,Indonesia, 1,0,0
23 April 2003,Italy , 3,0,2
23 April 2003,Japan,  2,0, 0
23 April 2003,Kuwait, 1,0, 1
23 April 2003,Malaysia ,  5,2,  2
23 April 2003,Mongolia, 3,0,3
23 April 2003,Philippines, 2, 1, 1
23 April 2003,Republic of Ireland , 1,0, 1
23 April 2003,Romania , 1,0, 1
23 April 2003,Singapore , 189, 17,114
23 April 2003,South Africa,1,0,0
23 April 2003,Spain , 1,0, 0
23 April 2003,Sweden,3,0, 0
23 April 2003,Switzerland , 1,0, 1
23 April 2003,Thailand , 7,2, 5
23 April 2003,United Kingdom , 6,0, 5
23 April 2003,United States, 39,0, not available
23 April 2003,Viet Nam , 63,5, 46
24 April 2003,Brazil,2,0,2
24 April 2003,Bulgaria,1,0,0
24 April 2003,Canada ,140,15,67
24 April 2003,China,2422,110,1254
24 April 2003,"China, Hong Kong Special Administrative Region^4",1488,109,567
24 April 2003,"China, Taiwan ",37,0,21
24 April 2003,France,5,0,1
24 April 2003,Germany ,7,0,6
24 April 2003,India,1,0,1
24 April 2003,Indonesia,1,0,1
24 April 2003,Italy,4,0,3
24 April 2003,Japan,2,0,0
24 April 2003,Kuwait,1,0,1
24 April 2003,Malaysia,5,2,2
24 April 2003,Mongolia,3,0,3
24 April 2003,Philippines,2,1,1
24 April 2003,Republic of Ireland,1,0,1
24 April 2003,Romania,1,0,1
24 April 2003,Singapore ,192,19,118
24 April 2003,South Africa,1,0,0
24 April 2003,Spain,1,0,1
24 April 2003,Sweden,3,0,2
24 April 2003,Switzerland ,1,0,1
24 April 2003,Thailand ,8,2,5
24 April 2003,United Kingdom ,6,0,6
24 April 2003,United States,37,0,not available
24 April 2003,Viet Nam,63,5,49
25 April 2003,Brazil,2,0,2
25 April 2003,Bulgaria,1,0,0
25 April 2003,Canada ,140,15,74
25 April 2003,China,2601,115,1277
25 April 2003,"China, Hong Kong Special Administrative Region^4",1510,115,614
25 April 2003,"China, Taiwan ",41,0,21
25 April 2003,France,5,0,1
25 April 2003,Germany ,7,0,6
25 April 2003,India,1,0,1
25 April 2003,Indonesia,1,0,1
25 April 2003,Italy,4,0,3
25 April 2003,Japan,2,0,0
25 April 2003,Kuwait,1,0,1
25 April 2003,Malaysia,5,2,2
25 April 2003,Mongolia,3,0,3
25 April 2003,Philippines,2,1,1
25 April 2003,Republic of Ireland,1,0,1
25 April 2003,Romania,1,0,1
25 April 2003,Singapore ,195,19,126
25 April 2003,South Africa,1,0,0
25 April 2003,Spain,1,0,1
25 April 2003,Sweden,3,0,2
25 April 2003,Switzerland ,1,0,1
25 April 2003,Thailand ,8,2,5
25 April 2003,United Kingdom ,6,0,6
25 April 2003,United States,39,0,not available
25 April 2003,Viet Nam,63,5,53
26 April 2003,Brazil   ,2   ,0   ,2   
26 April 2003,Bulgaria   ,1   ,0   ,0   
26 April 2003,Canada   ,142  ,18  ,77  
26 April 2003,China   ,2753  ,122  ,1285  
26 April 2003,"China, Hong Kong Special Administrative Region5   ",1527  ,121   ,632   
26 April 2003,"China, Taiwan   ",49   ,0   ,25   
26 April 2003,France   ,5   ,0   ,1   
26 April 2003,Germany   ,7   ,0   ,6   
26 April 2003,India   ,1   ,0   ,1   
26 April 2003,Indonesia   ,1   ,0   ,1   
26 April 2003,Italy   ,4   ,0   ,3   
26 April 2003,Japan   ,2   ,0   ,0   
26 April 2003,Kuwait   ,1   ,0   ,1   
26 April 2003,Malaysia   ,5   ,2   ,2   
26 April 2003,Mongolia   ,5   ,0   ,3   
26 April 2003,Philippines   ,4   ,2   ,1   
26 April 2003,Republic of Ireland   ,1   ,0   ,1   
26 April 2003,Romania   ,1   ,0   ,1   
26 April 2003,Singapore   ,198   ,21   ,126   
26 April 2003,South Africa   ,1   ,0   ,0   
26 April 2003,Spain   ,1   ,0   ,1   
26 April 2003,Sweden   ,3   ,0   ,2   
26 April 2003,Switzerland   ,1   ,0   ,1   
26 April 2003,Thailand   ,7   ,2   ,5   
26 April 2003,United Kingdom   ,6   ,0   ,6   
26 April 2003,United States   ,41   ,0   ,not available   
26 April 2003,Viet Nam   ,63   ,5   ,53   
28 April 2003,Brazil,2,0,2
28 April 2003,Bulgaria,1,0,0
28 April 2003,Canada ,142,18,77
28 April 2003,China,2914,131,1299
28 April 2003,"China, Hong Kong Special Administrative Region^5",1557,138,710
28 April 2003,"China, Taiwan ",66,0,25
28 April 2003,France,5,0,1
28 April 2003,Germany ,7,0,6
28 April 2003,India,1,0,1
28 April 2003,Indonesia,1,0,1
28 April 2003,Italy,8,0,3
28 April 2003,Japan,2,0,0
28 April 2003,Kuwait,1,0,1
28 April 2003,Malaysia,6,2,2
28 April 2003,Mongolia,5,0,3
28 April 2003,Philippines,4,2,1
28 April 2003,Republic of Ireland,1,0,1
28 April 2003,Romania,1,0,1
28 April 2003,Singapore ,199,23,137
28 April 2003,South Africa,1,0,0
28 April 2003,Spain,1,0,1
28 April 2003,Sweden,3,0,2
28 April 2003,Switzerland ,1,0,1
28 April 2003,Thailand ,7,2,5
28 April 2003,United Kingdom ,6,0,6
28 April 2003,United States,41,0,not available
28 April 2003,Viet Nam,63,5,53
29 April 2003,Brazil,2,0,2
29 April 2003,Bulgaria,1,0,0
29 April 2003,Canada ,146,20,86
29 April 2003,China^5,3303,148,1322
29 April 2003,"China, Hong Kong Special Administrative Region^6",1572,150,759
29 April 2003,"China, Taiwan ",66,0,25
29 April 2003,France,5,0,1
29 April 2003,Germany ,7,0,6
29 April 2003,India,1,0,1
29 April 2003,Indonesia,1,0,1
29 April 2003,Italy,9,0,4
29 April 2003,Japan,2,0,0
29 April 2003,Kuwait,1,0,1
29 April 2003,Malaysia,6,2,3
29 April 2003,Mongolia,5,0,3
29 April 2003,Philippines,4,2,1
29 April 2003,Republic of Ireland,1,0,1
29 April 2003,Republic of Korea,1,0,0
29 April 2003,Romania,1,0,1
29 April 2003,Singapore ,201,24,139
29 April 2003,South Africa,1,0,0
29 April 2003,Spain,1,0,1
29 April 2003,Sweden,3,0,2
29 April 2003,Switzerland ,1,0,1
29 April 2003,Thailand ,7,2,5
29 April 2003,United Kingdom ,6,0,6
29 April 2003,United States,41,0,not available
29 April 2003,Viet Nam,63,5,53
30 April 2003,Brazil,2,0,2
30 April 2003,Bulgaria,1,0,0
30 April 2003,Canada ,148,20,87
30 April 2003,China,3460,159,1332
30 April 2003,"China, Hong Kong Special Administrative Region^5",1589,157,791
30 April 2003,"China, Macao Special Administrative Region ",1,0,0
30 April 2003,"China, Taiwan ",78,1,25
30 April 2003,France,5,0,1
30 April 2003,Germany ,7,0,7
30 April 2003,Indonesia,2,0,1
30 April 2003,Italy,9,0,4
30 April 2003,Japan,2,0,0
30 April 2003,Kuwait,1,0,1
30 April 2003,Malaysia,6,2,3
30 April 2003,Mongolia,6,0,3
30 April 2003,Philippines,4,2,1
30 April 2003,Republic of Ireland,1,0,1
30 April 2003,Republic of Korea,1,0,0
30 April 2003,Romania,1,0,1
30 April 2003,Singapore ,201,24,139
30 April 2003,South Africa,1,0,0
30 April 2003,Spain,1,0,1
30 April 2003,Sweden,3,0,2
30 April 2003,Switzerland ,1,0,1
30 April 2003,Thailand ,7,2,5
30 April 2003,United Kingdom ,6,0,6
30 April 2003,United States,52,0,not available
30 April 2003,Viet Nam,63,5,53
1 May 2003,Brazil,2,0,2
1 May 2003,Bulgaria,1,0,0
1 May 2003,Canada ,147,20,87
1 May 2003,China,3638,170,1351
1 May 2003,"China, Hong Kong Special Administrative Region^5",1600,162,834
1 May 2003,"China, Macao Special Administrative Region ",1,0,0
1 May 2003,"China, Taiwan ",89,3,25
1 May 2003,France,5,0,1
1 May 2003,Germany ,7,0,7
1 May 2003,Indonesia,2,0,1
1 May 2003,Italy,9,0,4
1 May 2003,Japan,2,0,0
1 May 2003,Kuwait,1,0,1
1 May 2003,Malaysia,6,2,3
1 May 2003,Mongolia,6,0,3
1 May 2003,Philippines,4,2,1
1 May 2003,Poland,1,0,0
1 May 2003,Republic of Ireland,1,0,1
1 May 2003,Republic of Korea,1,0,0
1 May 2003,Romania,1,0,1
1 May 2003,Singapore ,201,25,143
1 May 2003,South Africa,1,0,0
1 May 2003,Spain,1,0,1
1 May 2003,Sweden,3,0,2
1 May 2003,Switzerland ,1,0,1
1 May 2003,Thailand ,7,2,5
1 May 2003,United Kingdom ,6,0,6
1 May 2003,United States,54,0,23
1 May 2003,Viet Nam,63,5,56
2 May 2003,Brazil,2,0,2
2 May 2003,Bulgaria,1,0,0
2 May 2003,Canada ,149,22,93
2 May 2003,China,3799,181,1372
2 May 2003,"China, Hong Kong Special Administrative Region^4",1611,170,878
2 May 2003,"China, Macao Special Administrative Region",1,0,0
2 May 2003,"China, Taiwan ",100,8,25
2 May 2003,France,5,0,4
2 May 2003,Germany ,7,0,7
2 May 2003,Indonesia,2,0,1
2 May 2003,Italy,9,0,4
2 May 2003,Kuwait,1,0,1
2 May 2003,Malaysia,6,2,3
2 May 2003,Mongolia,8,0,4
2 May 2003,New Zealand,1,0,1
2 May 2003,Philippines,3,2,1
2 May 2003,Poland,1,0,0
2 May 2003,Republic of Ireland,1,0,1
2 May 2003,Republic of Korea,1,0,0
2 May 2003,Romania,1,0,1
2 May 2003,Singapore ,203,25,146
2 May 2003,South Africa,1,0,0
2 May 2003,Spain,1,0,1
2 May 2003,Sweden,3,0,2
2 May 2003,Switzerland ,1,0,1
2 May 2003,Thailand ,7,2,5
2 May 2003,United Kingdom ,6,0,6
2 May 2003,United States,56,0,24
2 May 2003,Viet Nam,63,5,56
3 May 2003,Brazil,2,0,2
3 May 2003,Bulgaria,1,0,0
3 May 2003,Canada ,149,22,94
3 May 2003,China,3971,190,1406
3 May 2003,"China, Hong Kong Special Administrative Region^4",1621,179,898
3 May 2003,"China, Macao Special Administrative Region",1,0,0
3 May 2003,"China, Taiwan ",100,8,25
3 May 2003,France,5,0,4
3 May 2003,Germany ,7,0,7
3 May 2003,Indonesia,2,0,1
3 May 2003,Italy,9,0,4
3 May 2003,Kuwait,1,0,1
3 May 2003,Malaysia,6,2,3
3 May 2003,Mongolia,8,0,4
3 May 2003,New Zealand,1,0,1
3 May 2003,Philippines,3,2,1
3 May 2003,Poland,1,0,0
3 May 2003,Republic of Ireland,1,0,1
3 May 2003,Republic of Korea,1,0,0
3 May 2003,Romania,1,0,1
3 May 2003,Singapore ,203,25,147
3 May 2003,South Africa,1,0,1
3 May 2003,Spain,1,0,1
3 May 2003,Sweden,3,0,2
3 May 2003,Switzerland ,1,0,1
3 May 2003,Thailand ,7,2,5
3 May 2003,United Kingdom ,6,0,6
3 May 2003,United States,54,0,24
3 May 2003,Viet Nam,63,5,58
5 May 2003,Brazil,2,0,2
5 May 2003,Bulgaria,1,0,0
5 May 2003,Canada ,148,22,93
5 May 2003,China,4280,206,1433
5 May 2003,"China, Hong Kong Special Administrative Region^5",1637,187,930
5 May 2003,"China, Macao Special Administrative Region",1,0,0
5 May 2003,"China, Taiwan ",116,8,25
5 May 2003,France,5,0,4
5 May 2003,Germany ,7,0,7
5 May 2003,Indonesia,2,0,1
5 May 2003,Italy,9,0,4
5 May 2003,Kuwait,1,0,1
5 May 2003,Malaysia,7,2,4
5 May 2003,Mongolia,8,0,4
5 May 2003,New Zealand,1,0,1
5 May 2003,Philippines,3,2,1
5 May 2003,Poland,1,0,0
5 May 2003,Republic of Ireland,1,0,1
5 May 2003,Republic of Korea,1,0,0
5 May 2003,Romania,1,0,1
5 May 2003,Singapore ,204,26,149
5 May 2003,South Africa,1,1,0
5 May 2003,Spain,1,0,1
5 May 2003,Sweden,3,0,2
5 May 2003,Switzerland ,1,0,1
5 May 2003,Thailand ,7,2,5
5 May 2003,United Kingdom ,6,0,6
5 May 2003,United States,61,0,26
5 May 2003,Viet Nam,63,5,58
6 May 2003,Brazil,2,0,2
6 May 2003,Bulgaria,1,0,0
6 May 2003,Canada ,148,22,93
6 May 2003,China,4409,214,1460
6 May 2003,"China, Hong Kong Special Administrative Region^5",1646,193,958
6 May 2003,"China, Macao Special Administrative Region",1,0,0
6 May 2003,"China, Taiwan ",116,10,25
6 May 2003,Colombia,1,0,1
6 May 2003,France,5,0,4
6 May 2003,Germany ,7,0,7
6 May 2003,India,1,0,0
6 May 2003,Indonesia,2,0,1
6 May 2003,Italy,9,0,4
6 May 2003,Kuwait,1,0,1
6 May 2003,Malaysia,7,2,4
6 May 2003,Mongolia,8,0,4
6 May 2003,New Zealand,1,0,1
6 May 2003,Philippines,3,2,1
6 May 2003,Poland,1,0,0
6 May 2003,Republic of Ireland,1,0,1
6 May 2003,Republic of Korea,1,0,0
6 May 2003,Romania,1,0,1
6 May 2003,Singapore ,204,27,149
6 May 2003,South Africa,1,1,0
6 May 2003,Spain,1,0,1
6 May 2003,Sweden,3,0,2
6 May 2003,Switzerland ,1,0,1
6 May 2003,Thailand ,7,2,5
6 May 2003,United Kingdom ,6,0,6
6 May 2003,United States,65,0,32
6 May 2003,Viet Nam,63,5,58
7 May 2003,Brazil,2,0,2
7 May 2003,Bulgaria,1,0,0
7 May 2003,Canada ,146,22,93
7 May 2003,China,4560,219,1487
7 May 2003,"China, Hong Kong Special Administrative Region^4",1654,204,984
7 May 2003,"China, Macao Special Administrative Region",1,0,0
7 May 2003,"China, Taiwan ",125,11,26
7 May 2003,Colombia,1,0,1
7 May 2003,France,6,0,4
7 May 2003,Germany ,8,0,7
7 May 2003,India,1,0,0
7 May 2003,Indonesia,2,0,1
7 May 2003,Italy,9,0,5
7 May 2003,Kuwait,1,0,1
7 May 2003,Malaysia,7,2,4
7 May 2003,Mongolia,9,0,6
7 May 2003,New Zealand,1,0,1
7 May 2003,Philippines,10,2,2
7 May 2003,Poland,1,0,0
7 May 2003,Republic of Ireland,1,0,1
7 May 2003,Republic of Korea,1,0,0
7 May 2003,Romania,1,0,1
7 May 2003,Singapore ,204,27,150
7 May 2003,South Africa,1,1,0
7 May 2003,Spain,1,0,1
7 May 2003,Sweden,3,0,2
7 May 2003,Switzerland ,1,0,1
7 May 2003,Thailand ,7,2,5
7 May 2003,United Kingdom ,6,0,6
7 May 2003,United States,65,0,32
7 May 2003,Viet Nam,63,5,58
8 May 2003,Brazil,2,0,2
8 May 2003,Bulgaria,1,0,0
8 May 2003,Canada ,146,22,95
8 May 2003,China,4698,224,1529
8 May 2003,"China, Hong Kong Special Administrative Region^4",1661,208,1008
8 May 2003,"China, Macao Special Administrative Region",1,0,0
8 May 2003,"China, Taiwan ",131,13,26
8 May 2003,Colombia,1,0,1
8 May 2003,Finland,1,0,0
8 May 2003,France,6,0,4
8 May 2003,Germany ,8,0,7
8 May 2003,India,1,0,0
8 May 2003,Indonesia,2,0,1
8 May 2003,Italy,9,0,6
8 May 2003,Kuwait,1,0,1
8 May 2003,Malaysia,7,2,4
8 May 2003,Mongolia,9,0,6
8 May 2003,New Zealand,1,0,1
8 May 2003,Philippines,10,2,2
8 May 2003,Poland,1,0,0
8 May 2003,Republic of Ireland,1,0,1
8 May 2003,Republic of Korea,1,0,1
8 May 2003,Romania,1,0,1
8 May 2003,Singapore ,204,27,153
8 May 2003,South Africa,1,1,0
8 May 2003,Spain,1,0,1
8 May 2003,Sweden,3,0,2
8 May 2003,Switzerland ,1,0,1
8 May 2003,Thailand ,7,2,5
8 May 2003,United Kingdom ,6,0,6
8 May 2003,United States,63,0,33
8 May 2003,Viet Nam,63,5,58
9 May 2003,Brazil,2,0,2
9 May 2003,Bulgaria,1,0,0
9 May 2003,Canada ,145,22,94
9 May 2003,China,4805,230,1582
9 May 2003,"China, Hong Kong Special Administrative Region^4",1667,210,1015
9 May 2003,"China, Macao Special Administrative Region",1,0,0
9 May 2003,"China, Taiwan ",149,13,26
9 May 2003,Colombia,1,0,1
9 May 2003,Finland,1,0,0
9 May 2003,France,6,0,4
9 May 2003,Germany ,9,0,9
9 May 2003,India,1,0,0
9 May 2003,Indonesia,2,0,1
9 May 2003,Italy,9,0,9
9 May 2003,Kuwait,1,0,1
9 May 2003,Malaysia,6,2,4
9 May 2003,Mongolia,9,0,6
9 May 2003,New Zealand,1,0,1
9 May 2003,Philippines,10,2,2
9 May 2003,Poland,1,0,0
9 May 2003,Republic of Ireland,1,0,1
9 May 2003,Republic of Korea,1,0,1
9 May 2003,Romania,1,0,1
9 May 2003,Singapore ,204,27,153
9 May 2003,South Africa,1,1,0
9 May 2003,Spain,1,0,1
9 May 2003,Sweden,3,0,2
9 May 2003,Switzerland ,1,0,1
9 May 2003,Thailand ,7,2,5
9 May 2003,United Kingdom ,6,0,6
9 May 2003,United States,63,0,33
9 May 2003,Viet Nam,63,5,58
10 May 2003,Brazil,2,0,2
10 May 2003,Bulgaria,1,0,0
10 May 2003,Canada ,145,22,97
10 May 2003,China,4884,235,1620
10 May 2003,"China, Hong Kong Special Administrative Region^4",1674,212,1035
10 May 2003,"China, Macao Special Administrative Region",1,0,0
10 May 2003,"China, Taiwan ",172,18,26
10 May 2003,Colombia,1,0,1
10 May 2003,Finland,1,0,0
10 May 2003,France,7,0,4
10 May 2003,Germany ,9,0,9
10 May 2003,India,1,0,0
10 May 2003,Indonesia,2,0,1
10 May 2003,Italy,9,0,9
10 May 2003,Kuwait,1,0,1
10 May 2003,Malaysia,7,2,4
10 May 2003,Mongolia,9,0,6
10 May 2003,New Zealand,1,0,1
10 May 2003,Philippines,10,2,2
10 May 2003,Poland,1,0,0
10 May 2003,Republic of Ireland,1,0,1
10 May 2003,Republic of Korea,1,0,1
10 May 2003,Romania,1,0,1
10 May 2003,Singapore ,205,27,155
10 May 2003,South Africa,1,1,0
10 May 2003,Spain,1,0,1
10 May 2003,Sweden,3,0,2
10 May 2003,Switzerland ,1,0,1
10 May 2003,Thailand ,7,2,5
10 May 2003,United Kingdom ,6,0,6
10 May 2003,United States,64,0,34
10 May 2003,Viet Nam,63,5,58
12 May 2003,Brazil,2,0,2
12 May 2003,Bulgaria,1,0,0
12 May 2003,Canada ,143,22,98
12 May 2003,China,5013,252,1693
12 May 2003,"China, Hong Kong Special Administrative Region^5",1683,218,1066
12 May 2003,"China, Macao Special Administrative Region",1,0,0
12 May 2003,"China, Taiwan ",184,20,26
12 May 2003,Colombia,1,0,1
12 May 2003,Finland,1,0,0
12 May 2003,France,7,0,4
12 May 2003,Germany ,9,0,9
12 May 2003,India,1,0,0
12 May 2003,Indonesia,2,0,1
12 May 2003,Italy,9,0,8
12 May 2003,Kuwait,1,0,1
12 May 2003,Malaysia,7,2,4
12 May 2003,Mongolia,9,0,6
12 May 2003,New Zealand,1,0,1
12 May 2003,Philippines,10,2,3
12 May 2003,Poland,1,0,0
12 May 2003,Republic of Ireland,1,0,1
12 May 2003,Republic of Korea,2,0,1
12 May 2003,Romania,1,0,1
12 May 2003,Singapore ,205,28,156
12 May 2003,South Africa,1,1,0
12 May 2003,Spain,1,0,1
12 May 2003,Sweden,3,0,2
12 May 2003,Switzerland ,1,0,1
12 May 2003,Thailand ,7,2,5
12 May 2003,United Kingdom ,6,0,6
12 May 2003,United States,64,0,34
12 May 2003,Viet Nam,63,5,58
13 May 2003,Brazil,2,0,2
13 May 2003,Bulgaria,1,0,0
13 May 2003,Canada ,143,22,99
13 May 2003,China,5086,262,1765
13 May 2003,"China, Hong Kong Special Administrative Region^4",1689,225,1090
13 May 2003,"China, Macao Special Administrative Region",1,0,0
13 May 2003,"China, Taiwan ",207,24,30
13 May 2003,Colombia,1,0,1
13 May 2003,Finland,1,0,0
13 May 2003,France,7,0,4
13 May 2003,Germany ,9,0,9
13 May 2003,India,3,0,0
13 May 2003,Indonesia,2,0,1
13 May 2003,Italy,9,0,9
13 May 2003,Kuwait,1,0,1
13 May 2003,Malaysia,7,2,4
13 May 2003,Mongolia,9,0,6
13 May 2003,New Zealand,1,0,1
13 May 2003,Philippines,10,2,3
13 May 2003,Republic of Ireland,1,0,1
13 May 2003,Republic of Korea,2,0,1
13 May 2003,Romania,1,0,1
13 May 2003,Singapore ,205,28,157
13 May 2003,South Africa,1,1,0
13 May 2003,Spain,1,0,1
13 May 2003,Sweden,3,0,3
13 May 2003,Switzerland ,1,0,1
13 May 2003,Thailand ,7,2,5
13 May 2003,United Kingdom ,4,0,4
13 May 2003,United States,64,0,35
13 May 2003,Viet Nam,63,5,58
14 May 2003,Brazil,2,0,2
14 May 2003,Bulgaria,1,0,0
14 May 2003,Canada ,143,23,104
14 May 2003,China,5124,267,1811
14 May 2003,"China, Hong Kong Special Administrative Region^4",1698,227,1128
14 May 2003,"China, Macao Special Administrative Region",1,0,0
14 May 2003,"China, Taiwan ",238,30,38
14 May 2003,Colombia,1,0,1
14 May 2003,Finland,1,0,0
14 May 2003,France,7,0,4
14 May 2003,Germany ,9,0,9
14 May 2003,India,3,0,0
14 May 2003,Indonesia,2,0,2
14 May 2003,Italy,9,0,9
14 May 2003,Kuwait,1,0,1
14 May 2003,Malaysia,7,2,5
14 May 2003,Mongolia,9,0,6
14 May 2003,New Zealand,1,0,1
14 May 2003,Philippines,10,2,3
14 May 2003,Republic of Ireland,1,0,1
14 May 2003,Republic of Korea,3,0,1
14 May 2003,Romania,1,0,1
14 May 2003,Singapore ,205,28,157
14 May 2003,South Africa,1,1,0
14 May 2003,Spain,1,0,1
14 May 2003,Sweden,3,0,3
14 May 2003,Switzerland ,1,0,1
14 May 2003,Thailand ,8,2,5
14 May 2003,United Kingdom ,4,0,4
14 May 2003,United States,64,0,35
14 May 2003,Viet Nam,63,5,58
15 May 2003,Brazil,2,0,2
15 May 2003,Bulgaria,1,0,0
15 May 2003,Canada ,142,23,107
15 May 2003,China,5163,271,1858
15 May 2003,"China, Hong Kong Special Administrative Region^4",1703,234,1160
15 May 2003,"China, Macao Special Administrative Region",1,0,0
15 May 2003,"China, Taiwan ",264,30,38
15 May 2003,Colombia,1,0,1
15 May 2003,Finland,1,0,0
15 May 2003,France,7,0,4
15 May 2003,Germany ,9,0,9
15 May 2003,India,3,0,3
15 May 2003,Indonesia,2,0,2
15 May 2003,Italy,9,0,9
15 May 2003,Kuwait,1,0,1
15 May 2003,Malaysia,7,2,5
15 May 2003,Mongolia,9,0,7
15 May 2003,New Zealand,1,0,1
15 May 2003,Philippines,12,2,4
15 May 2003,Republic of Ireland,1,0,1
15 May 2003,Republic of Korea,3,0,1
15 May 2003,Romania,1,0,1
15 May 2003,Singapore ,205,28,157
15 May 2003,South Africa,1,1,0
15 May 2003,Spain,1,0,1
15 May 2003,Sweden,3,0,3
15 May 2003,Switzerland ,1,0,1
15 May 2003,Thailand ,8,2,5
15 May 2003,United Kingdom ,4,0,4
15 May 2003,United States,64,0,35
15 May 2003,Viet Nam,63,5,58
16 May 2003,Brazil,2,0,2
16 May 2003,Bulgaria,1,0,0
16 May 2003,Canada ,140,23,106
16 May 2003,China,5191,275,1947
16 May 2003,"China, Hong Kong Special Administrative Region^4",1706,238,1171
16 May 2003,"China, Macao Special Administrative Region",1,0,0
16 May 2003,"China, Taiwan ",274,35,46
16 May 2003,Colombia,1,0,1
16 May 2003,Finland,1,0,0
16 May 2003,France,7,0,4
16 May 2003,Germany ,9,0,9
16 May 2003,India,3,0,3
16 May 2003,Indonesia,2,0,2
16 May 2003,Italy,9,0,9
16 May 2003,Kuwait,1,0,1
16 May 2003,Malaysia,7,2,5
16 May 2003,Mongolia,9,0,7
16 May 2003,New Zealand,1,0,1
16 May 2003,Philippines,12,2,4
16 May 2003,Republic of Ireland,1,0,1
16 May 2003,Republic of Korea,3,0,1
16 May 2003,Romania,1,0,1
16 May 2003,Singapore ,205,28,157
16 May 2003,South Africa,1,1,0
16 May 2003,Spain,1,0,1
16 May 2003,Sweden,3,0,3
16 May 2003,Switzerland ,1,0,1
16 May 2003,Thailand ,8,2,5
16 May 2003,United Kingdom ,4,0,4
16 May 2003,United States,65,0,34
16 May 2003,Viet Nam,63,5,58
17 May 2003,Brazil,2,0,2
17 May 2003,Canada ,140,23,106
17 May 2003,China,5209,282,2009
17 May 2003,"China, Hong Kong Special Administrative Region^4",1710,243,1191
17 May 2003,"China, Macao Special Administrative Region",1,0,0
17 May 2003,"China, Taiwan ",274,35,46
17 May 2003,Colombia,1,0,1
17 May 2003,Finland,1,0,0
17 May 2003,France,7,0,6
17 May 2003,Germany ,9,0,9
17 May 2003,India,3,0,3
17 May 2003,Indonesia,2,0,2
17 May 2003,Italy,9,0,9
17 May 2003,Kuwait,1,0,1
17 May 2003,Malaysia,7,2,5
17 May 2003,Mongolia,9,0,7
17 May 2003,New Zealand,1,0,1
17 May 2003,Philippines,12,2,4
17 May 2003,Republic of Ireland,1,0,1
17 May 2003,Republic of Korea,3,0,1
17 May 2003,Romania,1,0,1
17 May 2003,Singapore ,205,28,157
17 May 2003,South Africa,1,1,0
17 May 2003,Spain,1,0,1
17 May 2003,Sweden,3,0,3
17 May 2003,Switzerland ,1,0,1
17 May 2003,Thailand ,8,2,5
17 May 2003,United Kingdom ,4,0,4
17 May 2003,United States,66,0,34
17 May 2003,Viet Nam,63,5,58
19 May 2003,Brazil,2,0,2
19 May 2003,Canada ,140,23,106
19 May 2003,China,5236,289,2148
19 May 2003,"China, Hong Kong Special Administrative Region^5",1714,251,1213
19 May 2003,"China, Macao Special Administrative Region",1,0,0
19 May 2003,"China, Taiwan ",344,40,50
19 May 2003,Colombia,1,0,1
19 May 2003,Finland,1,0,0
19 May 2003,France,7,0,6
19 May 2003,Germany ,9,0,9
19 May 2003,India,3,0,3
19 May 2003,Indonesia,2,0,2
19 May 2003,Italy,9,0,9
19 May 2003,Kuwait,1,0,1
19 May 2003,Malaysia,7,2,5
19 May 2003,Mongolia,9,0,8
19 May 2003,New Zealand,1,0,1
19 May 2003,Philippines,12,2,8
19 May 2003,Republic of Ireland,1,0,1
19 May 2003,Republic of Korea,3,0,1
19 May 2003,Romania,1,0,1
19 May 2003,Singapore ,206,28,160
19 May 2003,South Africa,1,1,0
19 May 2003,Spain,1,0,1
19 May 2003,Sweden,3,0,3
19 May 2003,Switzerland ,1,0,1
19 May 2003,Thailand ,8,2,5
19 May 2003,United Kingdom ,4,0,4
19 May 2003,United States,67,0,34
19 May 2003,Viet Nam,63,5,58
20 May 2003,Brazil,2,0,2
20 May 2003,Canada ,140,23,106
20 May 2003,China,5248,294,2254
20 May 2003,"China, Hong Kong Special Administrative Region^4",1718,253,1229
20 May 2003,"China, Macao Special Administrative Region",1,0,0
20 May 2003,"China, Taiwan ",383,52,63
20 May 2003,Colombia,1,0,1
20 May 2003,Finland,1,0,0
20 May 2003,France,7,0,6
20 May 2003,Germany ,9,0,9
20 May 2003,India,3,0,3
20 May 2003,Indonesia,2,0,2
20 May 2003,Italy,9,0,9
20 May 2003,Kuwait,1,0,1
20 May 2003,Malaysia,7,2,5
20 May 2003,Mongolia,9,0,8
20 May 2003,New Zealand,1,0,1
20 May 2003,Philippines,12,2,8
20 May 2003,Republic of Ireland,1,0,1
20 May 2003,Republic of Korea,3,0,2
20 May 2003,Romania,1,0,1
20 May 2003,Singapore ,206,28,161
20 May 2003,South Africa,1,1,0
20 May 2003,Spain,1,0,1
20 May 2003,Sweden,3,0,3
20 May 2003,Switzerland ,1,0,1
20 May 2003,Thailand ,8,2,5
20 May 2003,United Kingdom ,4,0,4
20 May 2003,United States,67,0,34
20 May 2003,Viet Nam,63,5,58
21 May 2003,Brazil,2,0,2
21 May 2003,Canada ,140,23,108
21 May 2003,China,5249,296,2335
21 May 2003,"China, Hong Kong Special Administrative Region^4",1719,255,1237
21 May 2003,"China, Macao Special Administrative Region",1,0,0
21 May 2003,"China, Taiwan ",418,52,71
21 May 2003,Colombia,1,0,1
21 May 2003,Finland,1,0,1
21 May 2003,France,7,0,6
21 May 2003,Germany ,9,0,9
21 May 2003,India,3,0,3
21 May 2003,Indonesia,2,0,2
21 May 2003,Italy,9,0,9
21 May 2003,Kuwait,1,0,1
21 May 2003,Malaysia,8,2,5
21 May 2003,Mongolia,9,0,8
21 May 2003,New Zealand,1,0,1
21 May 2003,Philippines,12,2,10
21 May 2003,Republic of Ireland,1,0,1
21 May 2003,Republic of Korea,3,0,2
21 May 2003,Romania,1,0,1
21 May 2003,Singapore ,206,28,161
21 May 2003,South Africa,1,1,0
21 May 2003,Spain,1,0,1
21 May 2003,Sweden,3,0,3
21 May 2003,Switzerland ,1,0,1
21 May 2003,Thailand ,8,2,5
21 May 2003,United Kingdom ,4,0,4
21 May 2003,United States,66,0,33
21 May 2003,Viet Nam,63,5,58
22 May 2003,Australia,6,0,6
22 May 2003,Brazil,2,0,2
22 May 2003,Canada ,140,23,109
22 May 2003,China,5271,300,2445
22 May 2003,"China, Hong Kong Special Administrative Region4",1722,258,1247
22 May 2003,"China, Macao Special Administrative Region",2,0,0
22 May 2003,"China, Taiwan ",483,60,74
22 May 2003,Colombia,1,0,1
22 May 2003,Finland,1,0,1
22 May 2003,France,7,0,6
22 May 2003,Germany ,9,0,9
22 May 2003,India,3,0,3
22 May 2003,Indonesia,2,0,2
22 May 2003,Italy,9,0,9
22 May 2003,Kuwait,1,0,1
22 May 2003,Malaysia,8,2,5
22 May 2003,Mongolia,9,0,8
22 May 2003,New Zealand,1,0,1
22 May 2003,Philippines,12,2,10
22 May 2003,Republic of Ireland,1,0,1
22 May 2003,Republic of Korea,3,0,2
22 May 2003,Romania,1,0,1
22 May 2003,Singapore ,206,29,162
22 May 2003,South Africa,1,1,0
22 May 2003,Spain,1,0,1
22 May 2003,Sweden,3,0,3
22 May 2003,Switzerland ,1,0,1
22 May 2003,Thailand ,8,2,5
22 May 2003,United Kingdom ,4,0,4
22 May 2003,United States,65,0,33
22 May 2003,Viet Nam,63,5,58
23 May 2003,Brazil,2,0,2
23 May 2003,Canada ,140,23,109
23 May 2003,China,5285,303,2544
23 May 2003,"China, Hong Kong Special Administrative Region^4",1724,260,1255
23 May 2003,"China, Macao Special Administrative Region",2,0,0
23 May 2003,"China, Taiwan ",538,60,82
23 May 2003,Colombia,1,0,1
23 May 2003,Finland,1,0,1
23 May 2003,France,7,0,6
23 May 2003,Germany ,9,0,9
23 May 2003,India,3,0,3
23 May 2003,Indonesia,2,0,2
23 May 2003,Italy,9,0,9
23 May 2003,Kuwait,1,0,1
23 May 2003,Malaysia,8,2,5
23 May 2003,Mongolia,9,0,8
23 May 2003,New Zealand,1,0,1
23 May 2003,Philippines,12,2,10
23 May 2003,Republic of Ireland,1,0,1
23 May 2003,Republic of Korea,3,0,2
23 May 2003,Romania,1,0,1
23 May 2003,Singapore ,206,31,163
23 May 2003,South Africa,1,1,0
23 May 2003,Spain,1,0,1
23 May 2003,Sweden,3,0,3
23 May 2003,Switzerland ,1,0,1
23 May 2003,Thailand ,8,2,5
23 May 2003,United Kingdom ,4,0,4
23 May 2003,United States,65,0,33
23 May 2003,Viet Nam,63,5,58
24 May 2003,Brazil,2,0,2
24 May 2003,Canada ,140,23,109
24 May 2003,China,5309,308,2675
24 May 2003,"China, Hong Kong Special Administrative Region^4",1724,262,1266
24 May 2003,"China, Macao Special Administrative Region",2,0,0
24 May 2003,"China, Taiwan ",538,60,82
24 May 2003,Colombia,1,0,1
24 May 2003,Finland,1,0,1
24 May 2003,France,7,0,6
24 May 2003,Germany ,9,0,9
24 May 2003,India,3,0,3
24 May 2003,Indonesia,2,0,2
24 May 2003,Italy,9,0,9
24 May 2003,Kuwait,1,0,1
24 May 2003,Malaysia,8,2,5
24 May 2003,Mongolia,9,0,8
24 May 2003,New Zealand,1,0,1
24 May 2003,Philippines,12,2,10
24 May 2003,Republic of Ireland,1,0,1
24 May 2003,Republic of Korea,3,0,2
24 May 2003,Romania,1,0,1
24 May 2003,Singapore ,206,31,163
24 May 2003,South Africa,1,1,0
24 May 2003,Spain,1,0,1
24 May 2003,Sweden,3,0,3
24 May 2003,Switzerland ,1,0,1
24 May 2003,Thailand ,8,2,5
24 May 2003,United Kingdom ,4,0,4
24 May 2003,United States,65,0,33
24 May 2003,Viet Nam,63,5,58
26 May 2003,Brazil,2,0,2
26 May 2003,Canada ,148,26,110
26 May 2003,China,5316,317,2829
26 May 2003,"China, Hong Kong Special Administrative Region^5",1726,267,1276
26 May 2003,"China, Macao Special Administrative Region",2,0,0
26 May 2003,"China, Taiwan ",585,72,112
26 May 2003,Colombia,1,0,1
26 May 2003,Finland,1,0,1
26 May 2003,France,7,0,6
26 May 2003,Germany ,9,0,9
26 May 2003,India,3,0,3
26 May 2003,Indonesia,2,0,2
26 May 2003,Italy,9,0,9
26 May 2003,Kuwait,1,0,1
26 May 2003,Malaysia,5,2,3
26 May 2003,Mongolia,9,0,8
26 May 2003,New Zealand,1,0,1
26 May 2003,Philippines,12,2,10
26 May 2003,Republic of Ireland,1,0,1
26 May 2003,Republic of Korea,3,0,2
26 May 2003,Romania,1,0,1
26 May 2003,Singapore ,206,31,163
26 May 2003,South Africa,1,1,0
26 May 2003,Spain,1,0,1
26 May 2003,Sweden,3,0,3
26 May 2003,Switzerland ,1,0,1
26 May 2003,Thailand ,8,2,6
26 May 2003,United Kingdom ,4,0,4
26 May 2003,United States,65,0,33
26 May 2003,Viet Nam,63,5,58
27 May 2003,Brazil,2,0,2
27 May 2003,Canada ,148,26,111
27 May 2003,China,5322,321,2944
27 May 2003,"China, Hong Kong Special Administrative Region^4",1728,269,1285
27 May 2003,"China, Macao Special Administrative Region",2,0,0
27 May 2003,"China, Taiwan ",596,76,112
27 May 2003,Colombia,1,0,1
27 May 2003,Finland,1,0,1
27 May 2003,France,7,0,6
27 May 2003,Germany ,9,0,9
27 May 2003,India,3,0,3
27 May 2003,Indonesia,2,0,2
27 May 2003,Italy,9,0,9
27 May 2003,Kuwait,1,0,1
27 May 2003,Malaysia,5,2,3
27 May 2003,Mongolia,9,0,9
27 May 2003,New Zealand,1,0,1
27 May 2003,Philippines,12,2,10
27 May 2003,Republic of Ireland,1,0,1
27 May 2003,Republic of Korea,3,0,2
27 May 2003,Romania,1,0,1
27 May 2003,Singapore ,206,31,163
27 May 2003,South Africa,1,1,0
27 May 2003,Spain,1,0,1
27 May 2003,Sweden,3,0,3
27 May 2003,Switzerland ,1,0,1
27 May 2003,Thailand ,8,2,6
27 May 2003,United Kingdom ,4,0,4
27 May 2003,United States,65,0,32
27 May 2003,Viet Nam,63,5,58
28 May 2003,Australia,6,0,6
28 May 2003,Brazil,2,0,2
28 May 2003,Canada ,149,26,111
28 May 2003,China,5323,325,3036
28 May 2003,"China, Hong Kong Special Administrative Region^4",1730,270,1295
28 May 2003,"China, Macao Special Administrative Region",2,0,0
28 May 2003,"China, Taiwan ",610,81,112
28 May 2003,Colombia,1,0,1
28 May 2003,Finland,1,0,1
28 May 2003,France,7,0,6
28 May 2003,Germany ,9,0,9
28 May 2003,India,3,0,3
28 May 2003,Indonesia,2,0,2
28 May 2003,Italy,9,0,9
28 May 2003,Kuwait,1,0,1
28 May 2003,Malaysia,5,2,3
28 May 2003,Mongolia,9,0,9
28 May 2003,New Zealand,1,0,1
28 May 2003,Philippines,12,2,10
28 May 2003,Republic of Ireland,1,0,1
28 May 2003,Republic of Korea,3,0,2
28 May 2003,Romania,1,0,1
28 May 2003,Singapore ,206,31,165
28 May 2003,South Africa,1,1,0
28 May 2003,Spain,1,0,1
28 May 2003,Sweden,3,0,3
28 May 2003,Switzerland ,1,0,1
28 May 2003,Thailand ,8,2,6
28 May 2003,United Kingdom ,4,0,4
28 May 2003,United States,66,0,32
28 May 2003,Viet Nam,63,5,58
29 May 2003,Australia,6,0,6
29 May 2003,Brazil,2,0,2
29 May 2003,Canada ,151,26,112
29 May 2003,China,5325,327,3121
29 May 2003,"China, Hong Kong Special Administrative Region^4",1732,273,1302
29 May 2003,"China, Macao Special Administrative Region",1,0,0
29 May 2003,"China, Taiwan ",660,81,122
29 May 2003,Colombia,1,0,1
29 May 2003,Finland,1,0,1
29 May 2003,France,7,0,6
29 May 2003,Germany ,9,0,9
29 May 2003,India,3,0,3
29 May 2003,Indonesia,2,0,2
29 May 2003,Italy,9,0,9
29 May 2003,Kuwait,1,0,1
29 May 2003,Malaysia,5,2,3
29 May 2003,Mongolia,9,0,9
29 May 2003,New Zealand,1,0,1
29 May 2003,Philippines,12,2,10
29 May 2003,Republic of Ireland,1,0,1
29 May 2003,Republic of Korea,3,0,2
29 May 2003,Romania,1,0,1
29 May 2003,Singapore ,206,31,165
29 May 2003,South Africa,1,1,0
29 May 2003,Spain,1,0,1
29 May 2003,Sweden,3,0,3
29 May 2003,Switzerland ,1,0,1
29 May 2003,Thailand ,8,2,6
29 May 2003,United Kingdom ,4,0,4
29 May 2003,United States,66,0,32
29 May 2003,Viet Nam,63,5,58
30 May 2003,Brazil,2,0,2
30 May 2003,Canada ,159,28,112
30 May 2003,China,5328,328,3250
30 May 2003,"China, Hong Kong Special Administrative Region^4",1736,274,1304
30 May 2003,"China, Macao Special Administrative Region",1,0,0
30 May 2003,"China, Taiwan ",667,81,125
30 May 2003,Colombia,1,0,1
30 May 2003,Finland,1,0,1
30 May 2003,France,7,0,6
30 May 2003,Germany ,9,0,9
30 May 2003,India,3,0,3
30 May 2003,Indonesia,2,0,2
30 May 2003,Italy,9,0,9
30 May 2003,Kuwait,1,0,1
30 May 2003,Malaysia,5,2,3
30 May 2003,Mongolia,9,0,9
30 May 2003,New Zealand,1,0,1
30 May 2003,Philippines,12,2,10
30 May 2003,Republic of Ireland,1,0,1
30 May 2003,Republic of Korea,3,0,3
30 May 2003,Romania,1,0,1
30 May 2003,Singapore ,206,31,165
30 May 2003,South Africa,1,1,0
30 May 2003,Spain,1,0,1
30 May 2003,Sweden,3,0,3
30 May 2003,Switzerland ,1,0,1
30 May 2003,Thailand ,8,2,6
30 May 2003,United Kingdom ,4,0,4
30 May 2003,United States,66,0,32
30 May 2003,Viet Nam,63,5,58
31 May 2003,Brazil,2,0,2
31 May 2003,Canada^4,188,30,116
31 May 2003,China,5328,332,3371
31 May 2003,"China, Hong Kong Special Administrative Region^5",1739,278,1310
31 May 2003,"China, Macao Special Administrative Region",1,0,0
31 May 2003,"China, Taiwan ",676,81,129
31 May 2003,Colombia,1,0,1
31 May 2003,Finland,1,0,1
31 May 2003,France,7,0,6
31 May 2003,Germany ,10,0,9
31 May 2003,India,3,0,3
31 May 2003,Indonesia,2,0,2
31 May 2003,Italy,9,0,9
31 May 2003,Kuwait,1,0,1
31 May 2003,Malaysia,5,2,3
31 May 2003,Mongolia,9,0,9
31 May 2003,New Zealand,1,0,1
31 May 2003,Philippines,12,2,10
31 May 2003,Republic of Ireland,1,0,1
31 May 2003,Republic of Korea,3,0,3
31 May 2003,Romania,1,0,1
31 May 2003,Russian Federation,1,0,0
31 May 2003,Singapore ,206,31,165
31 May 2003,South Africa,1,1,0
31 May 2003,Spain,1,0,1
31 May 2003,Sweden,3,0,3
31 May 2003,Switzerland ,1,0,1
31 May 2003,Thailand ,8,2,6
31 May 2003,United Kingdom ,4,0,4
31 May 2003,United States,66,0,32
31 May 2003,Viet Nam,63,5,58
2 June 2003,Brazil,2,0,2
2 June 2003,Canada,198,30,116
2 June 2003,China,5328,334,3495
2 June 2003,"China, Hong Kong Special Administrative Region^5",1746,282,1319
2 June 2003,"China, Macao Special Administrative Region",1,0,1
2 June 2003,"China, Taiwan ",684,81,134
2 June 2003,Colombia,1,0,1
2 June 2003,Finland,1,0,1
2 June 2003,France,7,0,6
2 June 2003,Germany ,10,0,9
2 June 2003,India,3,0,3
2 June 2003,Indonesia,2,0,2
2 June 2003,Italy,9,0,9
2 June 2003,Kuwait,1,0,1
2 June 2003,Malaysia,5,2,3
2 June 2003,Mongolia,9,0,9
2 June 2003,New Zealand,1,0,1
2 June 2003,Philippines,12,2,10
2 June 2003,Republic of Ireland,1,0,1
2 June 2003,Republic of Korea,3,0,3
2 June 2003,Romania,1,0,1
2 June 2003,Russian Federation,1,0,0
2 June 2003,Singapore ,206,31,165
2 June 2003,South Africa,1,1,0
2 June 2003,Spain,1,0,1
2 June 2003,Sweden,3,0,3
2 June 2003,Switzerland ,1,0,1
2 June 2003,Thailand ,8,2,6
2 June 2003,United Kingdom ,4,0,4
2 June 2003,United States,66,0,32
2 June 2003,Viet Nam,63,5,58
3 June 2003,Brazil,2,0,2
3 June 2003,Canada,213,31,116
3 June 2003,China,5329,334,3558
3 June 2003,"China, Hong Kong Special Administrative Region4",1747,283,1326
3 June 2003,"China, Macao Special Administrative Region",1,0,1
3 June 2003,"China, Taiwan ",679,81,136
3 June 2003,Colombia,1,0,1
3 June 2003,Finland,1,0,1
3 June 2003,France,7,0,6
3 June 2003,Germany ,10,0,9
3 June 2003,India,3,0,3
3 June 2003,Indonesia,2,0,2
3 June 2003,Italy,9,0,9
3 June 2003,Kuwait,1,0,1
3 June 2003,Malaysia,5,2,3
3 June 2003,Mongolia,9,0,9
3 June 2003,New Zealand,1,0,1
3 June 2003,Philippines,12,2,10
3 June 2003,Republic of Ireland,1,0,1
3 June 2003,Republic of Korea,3,0,3
3 June 2003,Romania,1,0,1
3 June 2003,Russian Federation,1,0,0
3 June 2003,Singapore ,206,31,165
3 June 2003,South Africa,1,1,0
3 June 2003,Spain,1,0,1
3 June 2003,Sweden,3,0,3
3 June 2003,Switzerland ,1,0,1
3 June 2003,Thailand ,8,2,6
3 June 2003,United Kingdom ,4,0,4
3 June 2003,United States,68,0,33
3 June 2003,Viet Nam,63,5,58
4 June 2003,Brazil,2,0,2
4 June 2003,Canada,216,31,121
4 June 2003,China,5329,334,3674
4 June 2003,"China, Hong Kong Special Administrative Region^4",1748,283,1339
4 June 2003,"China, Macao Special Administrative Region",1,0,1
4 June 2003,"China, Taiwan ",678,81,272
4 June 2003,Colombia,1,0,1
4 June 2003,Finland,1,0,1
4 June 2003,France,7,0,6
4 June 2003,Germany ,10,0,9
4 June 2003,India,3,0,3
4 June 2003,Indonesia,2,0,2
4 June 2003,Italy,9,0,9
4 June 2003,Kuwait,1,0,1
4 June 2003,Malaysia,5,2,3
4 June 2003,Mongolia,9,0,9
4 June 2003,New Zealand,1,0,1
4 June 2003,Philippines,12,2,10
4 June 2003,Republic of Ireland,1,0,1
4 June 2003,Republic of Korea,3,0,3
4 June 2003,Romania,1,0,1
4 June 2003,Russian Federation,1,0,0
4 June 2003,Singapore ,206,31,165
4 June 2003,South Africa,1,1,0
4 June 2003,Spain,1,0,1
4 June 2003,Sweden,3,0,3
4 June 2003,Switzerland ,1,0,1
4 June 2003,Thailand ,8,2,6
4 June 2003,United Kingdom ,4,0,4
4 June 2003,United States,69,0,34
4 June 2003,Viet Nam,63,5,58
5 June 2003,Brazil,2,0,2
5 June 2003,Canada,218,31,120
5 June 2003,China,5329,336,3770
5 June 2003,"China, Hong Kong Special Administrative Region^4",1748,284,1343
5 June 2003,"China, Macao Special Administrative Region",1,0,1
5 June 2003,"China, Taiwan ",677,81,257
5 June 2003,Colombia,1,0,1
5 June 2003,Finland,1,0,1
5 June 2003,France,7,0,6
5 June 2003,Germany ,10,0,9
5 June 2003,India,3,0,3
5 June 2003,Indonesia,2,0,2
5 June 2003,Italy,9,0,9
5 June 2003,Kuwait,1,0,1
5 June 2003,Malaysia,5,2,3
5 June 2003,Mongolia,9,0,9
5 June 2003,New Zealand,1,0,1
5 June 2003,Philippines,12,2,10
5 June 2003,Republic of Ireland,1,0,1
5 June 2003,Republic of Korea,3,0,3
5 June 2003,Romania,1,0,1
5 June 2003,Russian Federation,1,0,0
5 June 2003,Singapore ,206,31,165
5 June 2003,South Africa,1,1,0
5 June 2003,Spain,1,0,1
5 June 2003,Sweden,3,0,3
5 June 2003,Switzerland ,1,0,1
5 June 2003,Thailand ,8,2,6
5 June 2003,United Kingdom ,4,0,4
5 June 2003,United States,69,0,34
5 June 2003,Viet Nam,63,5,58
6 June 2003,Brazil,2,0,2
6 June 2003,Canada,219,31,120
6 June 2003,China,5329,338,3869
6 June 2003,"China, Hong Kong Special Administrative Region^4",1750,286,1350
6 June 2003,"China, Macao Special Administrative Region",1,0,1
6 June 2003,"China, Taiwan ",676,81,257
6 June 2003,Colombia,1,0,1
6 June 2003,Finland,1,0,1
6 June 2003,France,7,0,6
6 June 2003,Germany ,10,0,9
6 June 2003,India,3,0,3
6 June 2003,Indonesia,2,0,2
6 June 2003,Italy,9,0,9
6 June 2003,Kuwait,1,0,1
6 June 2003,Malaysia,5,2,3
6 June 2003,Mongolia,9,0,9
6 June 2003,New Zealand,1,0,1
6 June 2003,Philippines,12,2,10
6 June 2003,Republic of Ireland,1,0,1
6 June 2003,Republic of Korea,3,0,3
6 June 2003,Romania,1,0,1
6 June 2003,Russian Federation,1,0,0
6 June 2003,Singapore ,206,31,165
6 June 2003,South Africa,1,1,0
6 June 2003,Spain,1,0,1
6 June 2003,Sweden,3,0,3
6 June 2003,Switzerland ,1,0,1
6 June 2003,Thailand ,8,2,6
6 June 2003,United Kingdom ,4,0,4
6 June 2003,United States,68,0,35
6 June 2003,Viet Nam,63,5,58
9 June 2003,Brazil,2,0,2
9 June 2003,Canada,229,32,128
9 June 2003,China,5328,340,4186
9 June 2003,"China, Hong Kong Special Administrative Region^5",1753,288,1365
9 June 2003,"China, Macao Special Administrative Region",1,0,1
9 June 2003,"China, Taiwan ",680,81,257
9 June 2003,Colombia,1,0,1
9 June 2003,Finland,1,0,1
9 June 2003,France,7,0,6
9 June 2003,Germany ,10,0,9
9 June 2003,India,3,0,3
9 June 2003,Indonesia,2,0,2
9 June 2003,Italy,9,0,9
9 June 2003,Kuwait,1,0,1
9 June 2003,Malaysia,5,2,3
9 June 2003,Mongolia,9,0,9
9 June 2003,New Zealand,1,0,1
9 June 2003,Philippines,12,2,10
9 June 2003,Republic of Ireland,1,0,1
9 June 2003,Republic of Korea,3,0,3
9 June 2003,Romania,1,0,1
9 June 2003,Russian Federation,1,0,0
9 June 2003,Singapore ,206,31,168
9 June 2003,South Africa,1,1,0
9 June 2003,Spain,1,0,1
9 June 2003,Sweden,3,0,3
9 June 2003,Switzerland ,1,0,1
9 June 2003,Thailand ,9,2,6
9 June 2003,United Kingdom ,4,0,4
9 June 2003,United States,68,0,35
9 June 2003,Viet Nam,63,5,58
9 June 2003,Total ,8421,784,6280
10 June 2003,Brazil,3,0,2
10 June 2003,Canada,229,32,131
10 June 2003,China,5328,343,4294
10 June 2003,"China, Hong Kong Special Administrative Region^4",1754,290,1368
10 June 2003,"China, Macao Special Administrative Region",1,0,1
10 June 2003,"China, Taiwan ",686,81,319
10 June 2003,Colombia,1,0,1
10 June 2003,Finland,1,0,1
10 June 2003,France,7,0,6
10 June 2003,Germany ,10,0,9
10 June 2003,India,3,0,3
10 June 2003,Indonesia,2,0,2
10 June 2003,Italy,9,0,9
10 June 2003,Kuwait,1,0,1
10 June 2003,Malaysia,5,2,3
10 June 2003,Mongolia,9,0,9
10 June 2003,New Zealand,1,0,1
10 June 2003,Philippines,12,2,10
10 June 2003,Republic of Ireland,1,0,1
10 June 2003,Republic of Korea,3,0,3
10 June 2003,Romania,1,0,1
10 June 2003,Russian Federation,1,0,0
10 June 2003,Singapore ,206,31,168
10 June 2003,South Africa,1,1,0
10 June 2003,Spain,1,0,1
10 June 2003,Sweden,3,0,3
10 June 2003,Switzerland ,1,0,1
10 June 2003,Thailand ,9,2,6
10 June 2003,United Kingdom ,4,0,4
10 June 2003,United States,69,0,36
10 June 2003,Viet Nam,63,5,58
11 June 2003,Brazil,3,0,2
11 June 2003,Canada,230,32,134
11 June 2003,China,5329,343,4390
11 June 2003,"China, Hong Kong Special Administrative Region^4",1754,290,1368
11 June 2003,"China, Macao Special Administrative Region",1,0,1
11 June 2003,"China, Taiwan ",687,81,344
11 June 2003,Colombia,1,0,1
11 June 2003,Finland,1,0,1
11 June 2003,France,7,0,6
11 June 2003,Germany ,10,0,9
11 June 2003,India,3,0,3
11 June 2003,Indonesia,2,0,2
11 June 2003,Italy,9,0,9
11 June 2003,Kuwait,1,0,1
11 June 2003,Malaysia,5,2,3
11 June 2003,Mongolia,9,0,9
11 June 2003,New Zealand,1,0,1
11 June 2003,Philippines,12,2,10
11 June 2003,Republic of Ireland,1,0,1
11 June 2003,Republic of Korea,3,0,3
11 June 2003,Romania,1,0,1
11 June 2003,Russian Federation,1,0,0
11 June 2003,Singapore ,206,31,168
11 June 2003,South Africa,1,1,0
11 June 2003,Spain,1,0,1
11 June 2003,Sweden,3,0,3
11 June 2003,Switzerland ,1,0,1
11 June 2003,Thailand ,9,2,6
11 June 2003,United Kingdom ,4,0,4
11 June 2003,United States,71,0,36
11 June 2003,Viet Nam,63,5,58
12 June 2003,Brazil,3,0,2
12 June 2003,Canada,238,32,141
12 June 2003,China,5328,343,4457
12 June 2003,"China, Hong Kong Special Administrative Region^4",1755,291,1377
12 June 2003,"China, Macao Special Administrative Region",1,0,1
12 June 2003,"China, Taiwan ",688,81,347
12 June 2003,Colombia,1,0,1
12 June 2003,Finland,1,0,1
12 June 2003,France,7,0,6
12 June 2003,Germany ,10,0,9
12 June 2003,India,3,0,3
12 June 2003,Indonesia,2,0,2
12 June 2003,Italy,9,0,9
12 June 2003,Kuwait,1,0,1
12 June 2003,Malaysia,5,2,3
12 June 2003,Mongolia,9,0,9
12 June 2003,New Zealand,1,0,1
12 June 2003,Philippines^5,14,2,12
12 June 2003,Republic of Ireland,1,0,1
12 June 2003,Republic of Korea,3,0,3
12 June 2003,Romania,1,0,1
12 June 2003,Russian Federation,1,0,0
12 June 2003,Singapore ,206,31,169
12 June 2003,South Africa,1,1,0
12 June 2003,Spain,1,0,1
12 June 2003,Sweden,3,0,3
12 June 2003,Switzerland ,1,0,1
12 June 2003,Thailand ,9,2,6
12 June 2003,United Kingdom ,4,0,4
12 June 2003,United States,70,0,36
12 June 2003,Viet Nam,63,5,58
13 June 2003,Brazil,3,0,2
13 June 2003,Canada,242,32,150
13 June 2003,China,5327,343,4530
13 June 2003,"China, Hong Kong Special Administrative Region^4",1755,293,1380
13 June 2003,"China, Macao Special Administrative Region",1,0,1
13 June 2003,"China, Taiwan ",693,81,385
13 June 2003,Colombia,1,0,1
13 June 2003,Finland,1,0,1
13 June 2003,France,7,0,6
13 June 2003,Germany ,10,0,9
13 June 2003,India,3,0,3
13 June 2003,Indonesia,2,0,2
13 June 2003,Italy,9,0,9
13 June 2003,Kuwait,1,0,1
13 June 2003,Malaysia,5,2,3
13 June 2003,Mongolia,9,0,9
13 June 2003,New Zealand,1,0,1
13 June 2003,Philippines,14,2,12
13 June 2003,Republic of Ireland,1,0,1
13 June 2003,Republic of Korea,3,0,3
13 June 2003,Romania,1,0,1
13 June 2003,Russian Federation,1,0,0
13 June 2003,Singapore ,206,31,169
13 June 2003,South Africa,1,1,0
13 June 2003,Spain,1,0,1
13 June 2003,Sweden,3,0,3
13 June 2003,Switzerland ,1,0,1
13 June 2003,Thailand ,9,2,6
13 June 2003,United Kingdom ,4,0,4
13 June 2003,United States,71,0,36
13 June 2003,Viet Nam,63,5,58
16 June 2003,Brazil,3,0,2
16 June 2003,Canada,243,32,156
16 June 2003,China,5326,346,4656
16 June 2003,"China, Hong Kong Special Administrative Region^5",1755,295,1386
16 June 2003,"China, Macao Special Administrative Region",1,0,1
16 June 2003,"China, Taiwan ",698,83,443
16 June 2003,Colombia,1,0,1
16 June 2003,Finland,1,0,1
16 June 2003,France,7,0,6
16 June 2003,Germany ,10,0,9
16 June 2003,India,3,0,3
16 June 2003,Indonesia,2,0,2
16 June 2003,Italy,9,0,9
16 June 2003,Kuwait,1,0,1
16 June 2003,Malaysia,5,2,3
16 June 2003,Mongolia,9,0,9
16 June 2003,New Zealand,1,0,1
16 June 2003,Philippines,14,2,12
16 June 2003,Republic of Ireland,1,0,1
16 June 2003,Republic of Korea,3,0,3
16 June 2003,Romania,1,0,1
16 June 2003,Russian Federation,1,0,0
16 June 2003,Singapore ,206,31,169
16 June 2003,South Africa,1,1,0
16 June 2003,Spain,1,0,1
16 June 2003,Sweden,3,0,3
16 June 2003,Switzerland ,1,0,1
16 June 2003,Thailand ,9,2,6
16 June 2003,United Kingdom ,4,0,4
16 June 2003,United States,72,0,36
16 June 2003,Viet Nam,63,5,58
17 June 2003,Brazil,3,0,2
17 June 2003,Canada,247,32,171
17 June 2003,China,5326,346,4725
17 June 2003,"China, Hong Kong Special Administrative Region",1755,295,1387
17 June 2003,"China, Macao Special Administrative Region",1,0,1
17 June 2003,"China, Taiwan ",697,83,460
17 June 2003,Colombia,1,0,1
17 June 2003,Finland,1,0,1
17 June 2003,France,7,0,6
17 June 2003,Germany ,10,0,9
17 June 2003,India,3,0,3
17 June 2003,Indonesia,2,0,2
17 June 2003,Italy,9,0,9
17 June 2003,Kuwait,1,0,1
17 June 2003,Malaysia,5,2,3
17 June 2003,Mongolia,9,0,9
17 June 2003,New Zealand,1,0,1
17 June 2003,Philippines,14,2,12
17 June 2003,Republic of Ireland,1,0,1
17 June 2003,Republic of Korea,3,0,3
17 June 2003,Romania,1,0,1
17 June 2003,Russian Federation,1,0,0
17 June 2003,Singapore ,206,31,169
17 June 2003,South Africa,1,1,0
17 June 2003,Spain,1,0,1
17 June 2003,Sweden,3,0,3
17 June 2003,Switzerland ,1,0,1
17 June 2003,Thailand ,9,2,6
17 June 2003,United Kingdom ,4,0,4
17 June 2003,United States,73,0,36
17 June 2003,Viet Nam,63,5,58
18 June 2003,Brazil,3,0,2
18 June 2003,Canada,246,33,176
18 June 2003,China,5326,347,4762
18 June 2003,"China, Hong Kong Special Administrative Region^4",1755,295,1393
18 June 2003,"China, Macao Special Administrative Region",1,0,1
18 June 2003,"China, Taiwan ",697,83,469
18 June 2003,Colombia,1,0,1
18 June 2003,Finland,1,0,1
18 June 2003,France,7,0,6
18 June 2003,Germany ,10,0,9
18 June 2003,India,3,0,3
18 June 2003,Indonesia,2,0,2
18 June 2003,Italy,9,0,9
18 June 2003,Kuwait,1,0,1
18 June 2003,Malaysia,5,2,3
18 June 2003,Mongolia,9,0,9
18 June 2003,New Zealand,1,0,1
18 June 2003,Philippines,14,2,12
18 June 2003,Republic of Ireland,1,0,1
18 June 2003,Republic of Korea,3,0,3
18 June 2003,Romania,1,0,1
18 June 2003,Russian Federation,1,0,0
18 June 2003,Singapore ,206,31,169
18 June 2003,South Africa,1,1,0
18 June 2003,Spain,1,0,1
18 June 2003,Sweden,3,0,3
18 June 2003,Switzerland ,1,0,1
18 June 2003,Thailand ,9,2,6
18 June 2003,United Kingdom ,4,0,4
18 June 2003,United States,75,0,36
18 June 2003,Viet Nam,63,5,58
19 June 2003,Brazil,3,0,2
19 June 2003,Canada,245,34,175
19 June 2003,China,5326,347,4786
19 June 2003,"China, Hong Kong Special Administrative Region^4",1755,296,1396
19 June 2003,"China, Macao Special Administrative Region",1,0,1
19 June 2003,"China, Taiwan ",695,84,472
19 June 2003,Colombia,1,0,1
19 June 2003,Finland,1,0,1
19 June 2003,France,7,0,6
19 June 2003,Germany ,10,0,9
19 June 2003,India,3,0,3
19 June 2003,Indonesia,2,0,2
19 June 2003,Italy,9,0,9
19 June 2003,Kuwait,1,0,1
19 June 2003,Malaysia,5,2,3
19 June 2003,Mongolia,9,0,9
19 June 2003,New Zealand,1,0,1
19 June 2003,Philippines,14,2,12
19 June 2003,Republic of Ireland,1,0,1
19 June 2003,Republic of Korea,3,0,3
19 June 2003,Romania,1,0,1
19 June 2003,Russian Federation,1,0,0
19 June 2003,Singapore ,206,31,170
19 June 2003,South Africa,1,1,0
19 June 2003,Spain,1,0,1
19 June 2003,Sweden,3,0,3
19 June 2003,Switzerland ,1,0,1
19 June 2003,Thailand ,9,2,6
19 June 2003,United Kingdom ,4,0,4
19 June 2003,United States,75,0,36
19 June 2003,Viet Nam,63,5,58
20 June 2003,Brazil,3,0,2
20 June 2003,Canada,245,34,180
20 June 2003,China,5326,347,4806
20 June 2003,"China, Hong Kong Special Administrative Region^4",1755,296,1403
20 June 2003,"China, Macao Special Administrative Region",1,0,1
20 June 2003,"China, Taiwan ",695,84,480
20 June 2003,Colombia,1,0,1
20 June 2003,Finland,1,0,1
20 June 2003,France,7,0,6
20 June 2003,Germany ,10,0,9
20 June 2003,India,3,0,3
20 June 2003,Indonesia,2,0,2
20 June 2003,Italy,9,0,9
20 June 2003,Kuwait,1,0,1
20 June 2003,Malaysia,5,2,3
20 June 2003,Mongolia,9,0,9
20 June 2003,New Zealand,1,0,1
20 June 2003,Philippines,14,2,12
20 June 2003,Republic of Ireland,1,0,1
20 June 2003,Republic of Korea,3,0,3
20 June 2003,Romania,1,0,1
20 June 2003,Russian Federation,1,0,0
20 June 2003,Singapore ,206,31,170
20 June 2003,South Africa,1,1,0
20 June 2003,Spain,1,0,1
20 June 2003,Sweden,3,0,3
20 June 2003,Switzerland ,1,0,1
20 June 2003,Thailand ,9,2,6
20 June 2003,United Kingdom ,4,0,4
20 June 2003,United States,74,0,36
20 June 2003,Viet Nam,63,5,58
23 June 2003,Brazil,3,0,2
23 June 2003,Canada,246,35,182
23 June 2003,China,5326,347,4895
23 June 2003,"China, Hong Kong Special Administrative Region^5",1755,296,1411
23 June 2003,"China, Macao Special Administrative Region",1,0,1
23 June 2003,"China, Taiwan ",692,84,486
23 June 2003,Colombia,1,0,1
23 June 2003,Finland,1,0,1
23 June 2003,France,7,0,6
23 June 2003,Germany ,10,0,9
23 June 2003,India,3,0,3
23 June 2003,Indonesia,2,0,2
23 June 2003,Italy,9,0,9
23 June 2003,Kuwait,1,0,1
23 June 2003,Malaysia,5,2,3
23 June 2003,Mongolia,9,0,9
23 June 2003,New Zealand,1,0,1
23 June 2003,Philippines,14,2,12
23 June 2003,Republic of Ireland,1,0,1
23 June 2003,Republic of Korea,3,0,3
23 June 2003,Romania,1,0,1
23 June 2003,Russian Federation,1,0,0
23 June 2003,Singapore ,206,31,170
23 June 2003,South Africa,1,1,0
23 June 2003,Spain,1,0,1
23 June 2003,Sweden,3,0,3
23 June 2003,Switzerland ,1,0,1
23 June 2003,Thailand ,9,2,7
23 June 2003,United Kingdom ,4,0,4
23 June 2003,United States,74,0,36
23 June 2003,Viet Nam,63,5,58
24 June 2003,Brazil,3,0,2
24 June 2003,Canada,249,37,188
24 June 2003,China,5326,347,4901
24 June 2003,"China, Hong Kong Special Administrative Region^4",1755,296,1417
24 June 2003,"China, Macao Special Administrative Region",1,0,1
24 June 2003,"China, Taiwan ",687,84,492
24 June 2003,Colombia,1,0,1
24 June 2003,Finland,1,0,1
24 June 2003,France,7,0,6
24 June 2003,Germany ,10,0,9
24 June 2003,India,3,0,3
24 June 2003,Indonesia,2,0,2
24 June 2003,Italy,9,0,9
24 June 2003,Kuwait,1,0,1
24 June 2003,Malaysia,5,2,3
24 June 2003,Mongolia,9,0,9
24 June 2003,New Zealand,1,0,1
24 June 2003,Philippines,14,2,12
24 June 2003,Republic of Ireland,1,0,1
24 June 2003,Republic of Korea,3,0,3
24 June 2003,Romania,1,0,1
24 June 2003,Russian Federation,1,0,0
24 June 2003,Singapore ,206,31,170
24 June 2003,South Africa,1,1,0
24 June 2003,Spain,1,0,1
24 June 2003,Sweden,3,0,3
24 June 2003,Switzerland ,1,0,1
24 June 2003,Thailand ,9,2,7
24 June 2003,United Kingdom ,4,0,4
24 June 2003,United States,75,0,36
24 June 2003,Viet Nam,63,5,58
25 June 2003,Brazil,3,0,2
25 June 2003,Canada^4,250,37,188
25 June 2003,China^5,5327,348,4916
25 June 2003,"China, Hong Kong Special Administrative Region^6",1755,296,1419
25 June 2003,"China, Macao Special Administrative Region",1,0,1
25 June 2003,"China, Taiwan ",686,84,492
25 June 2003,Colombia,1,0,1
25 June 2003,Finland,1,0,1
25 June 2003,France,7,0,6
25 June 2003,Germany ,10,0,9
25 June 2003,India,3,0,3
25 June 2003,Indonesia,2,0,2
25 June 2003,Italy,9,0,9
25 June 2003,Japan,1,0,0
25 June 2003,Kuwait,1,0,1
25 June 2003,Malaysia,5,2,3
25 June 2003,Mongolia,9,0,9
25 June 2003,New Zealand,1,0,1
25 June 2003,Philippines,14,2,12
25 June 2003,Republic of Ireland,1,0,1
25 June 2003,Republic of Korea,3,0,3
25 June 2003,Romania,1,0,1
25 June 2003,Russian Federation,1,0,0
25 June 2003,Singapore ,206,31,170
25 June 2003,South Africa,1,1,0
25 June 2003,Spain,1,0,1
25 June 2003,Sweden,3,0,3
25 June 2003,Switzerland ,1,0,1
25 June 2003,Thailand ,9,2,7
25 June 2003,United Kingdom ,4,0,4
25 June 2003,United States,75,0,36
25 June 2003,Viet Nam,63,5,58
26 June 2003,Brazil,3,0,2
26 June 2003,Canada^4,251,37,190
26 June 2003,China^5,5327,348,4921
26 June 2003,"China, Hong Kong Special Administrative Region^6",1755,296,1419
26 June 2003,"China, Macao Special Administrative Region",1,0,1
26 June 2003,"China, Taiwan ",682,84,491
26 June 2003,Colombia,1,0,1
26 June 2003,Finland,1,0,1
26 June 2003,France,7,0,6
26 June 2003,Germany ,10,0,9
26 June 2003,India,3,0,3
26 June 2003,Indonesia,2,0,2
26 June 2003,Italy,9,0,9
26 June 2003,Japan,1,0,0
26 June 2003,Kuwait,1,0,1
26 June 2003,Malaysia,5,2,3
26 June 2003,Mongolia,9,0,9
26 June 2003,New Zealand,1,0,1
26 June 2003,Philippines,14,2,12
26 June 2003,Republic of Ireland,1,0,1
26 June 2003,Republic of Korea,3,0,3
26 June 2003,Romania,1,0,1
26 June 2003,Russian Federation,1,0,0
26 June 2003,Singapore ,206,32,170
26 June 2003,South Africa,1,1,0
26 June 2003,Spain,1,0,1
26 June 2003,Sweden,3,0,3
26 June 2003,Switzerland ,1,0,1
26 June 2003,Thailand ,9,2,7
26 June 2003,United Kingdom ,4,0,4
26 June 2003,United States,74,0,36
26 June 2003,Viet Nam,63,5,58
27 June 2003,Brazil,3,0,2
27 June 2003,Canada^4,251,37,191
27 June 2003,China^5,5327,348,4921
27 June 2003,"China, Hong Kong Special Administrative Region^6",1755,297,1422
27 June 2003,"China, Macao Special Administrative Region",1,0,1
27 June 2003,"China, Taiwan ",681,84,492
27 June 2003,Colombia,1,0,1
27 June 2003,Finland,1,0,1
27 June 2003,France,7,0,6
27 June 2003,Germany ,10,0,9
27 June 2003,India,3,0,3
27 June 2003,Indonesia,2,0,2
27 June 2003,Italy,5,0,5
27 June 2003,Kuwait,1,0,1
27 June 2003,Malaysia,5,2,3
27 June 2003,Mongolia,9,0,9
27 June 2003,New Zealand,1,0,1
27 June 2003,Philippines^7,14,2,12
27 June 2003,Republic of Ireland,1,0,1
27 June 2003,Republic of Korea,3,0,3
27 June 2003,Romania,1,0,1
27 June 2003,Russian Federation,1,0,0
27 June 2003,Singapore ,206,32,171
27 June 2003,South Africa,1,1,0
27 June 2003,Spain,1,0,1
27 June 2003,Sweden,3,0,3
27 June 2003,Switzerland ,1,0,1
27 June 2003,Thailand ,9,2,7
27 June 2003,United Kingdom ,4,0,4
27 June 2003,United States^8,74,0,64
27 June 2003,Viet Nam,63,5,58
30 June 2003,Australia,5,0,5
30 June 2003,Brazil,3,0,2
30 June 2003,Canada^4,252,37,192
30 June 2003,China^5,5327,348,4927
30 June 2003,"China, Hong Kong Special Administrative Region^6",1755,298,1429
30 June 2003,"China, Macao Special Administrative Region",1,0,1
30 June 2003,"China, Taiwan ",678,84,495
30 June 2003,Colombia,1,0,1
30 June 2003,Finland,1,0,1
30 June 2003,France,7,0,6
30 June 2003,Germany ,10,0,9
30 June 2003,India,3,0,3
30 June 2003,Indonesia,2,0,2
30 June 2003,Italy,5,0,5
30 June 2003,Kuwait,1,0,1
30 June 2003,Malaysia,5,2,3
30 June 2003,Mongolia,9,0,9
30 June 2003,New Zealand,1,0,1
30 June 2003,Philippines,14,2,12
30 June 2003,Republic of Ireland,1,0,1
30 June 2003,Republic of Korea,3,0,3
30 June 2003,Romania,1,0,1
30 June 2003,Russian Federation,1,0,0
30 June 2003,Singapore ,206,32,171
30 June 2003,South Africa,1,1,0
30 June 2003,Spain,1,0,1
30 June 2003,Sweden,3,0,3
30 June 2003,Switzerland ,1,0,1
30 June 2003,Thailand ,9,2,7
30 June 2003,United Kingdom ,4,0,4
30 June 2003,United States^7,73,0,63
30 June 2003,Viet Nam,63,5,58
1 July 2003,Brazil,1,0,1
1 July 2003,Canada^4,252,38,192
1 July 2003,China^5,5327,348,4930
1 July 2003,"China, Hong Kong Special Administrative Region^6",1755,298,1429
1 July 2003,"China, Macao Special Administrative Region",1,0,1
1 July 2003,"China, Taiwan ",678,84,498
1 July 2003,Colombia,1,0,1
1 July 2003,Finland,1,0,1
1 July 2003,France,7,0,6
1 July 2003,Germany ,10,0,9
1 July 2003,India,3,0,3
1 July 2003,Indonesia,2,0,2
1 July 2003,Italy,5,0,5
1 July 2003,Kuwait,1,0,1
1 July 2003,Malaysia,5,2,3
1 July 2003,Mongolia,9,0,9
1 July 2003,New Zealand,1,0,1
1 July 2003,Philippines,14,2,12
1 July 2003,Republic of Ireland,1,0,1
1 July 2003,Republic of Korea,3,0,3
1 July 2003,Romania,1,0,1
1 July 2003,Russian Federation,1,0,0
1 July 2003,Singapore ,206,32,171
1 July 2003,South Africa,1,1,0
1 July 2003,Spain,1,0,1
1 July 2003,Sweden,3,0,3
1 July 2003,Switzerland ,1,0,1
1 July 2003,Thailand ,9,2,7
1 July 2003,United Kingdom ,4,0,4
1 July 2003,United States^7,73,0,63
1 July 2003,Viet Nam,63,5,58
2 July 2003,Brazil,1,0,1
2 July 2003,Canada^4,252,38,192
2 July 2003,China^5,5327,348,4933
2 July 2003,"China, Hong Kong Special Administrative Region^6",1755,298,1429
2 July 2003,"China, Macao Special Administrative Region",1,0,1
2 July 2003,"China, Taiwan ",676,84,498
2 July 2003,Colombia,1,0,1
2 July 2003,Finland,1,0,1
2 July 2003,France,7,0,6
2 July 2003,Germany ,10,0,9
2 July 2003,India,3,0,3
2 July 2003,Indonesia,2,0,2
2 July 2003,Italy,4,0,4
2 July 2003,Kuwait,1,0,1
2 July 2003,Malaysia,5,2,3
2 July 2003,Mongolia,9,0,9
2 July 2003,New Zealand,1,0,1
2 July 2003,Philippines,14,2,12
2 July 2003,Republic of Ireland,1,0,1
2 July 2003,Republic of Korea,3,0,3
2 July 2003,Romania,1,0,1
2 July 2003,Russian Federation,1,0,0
2 July 2003,Singapore ,206,32,171
2 July 2003,South Africa,1,1,0
2 July 2003,Spain,1,0,1
2 July 2003,Sweden,3,0,3
2 July 2003,Switzerland ,1,0,1
2 July 2003,Thailand ,9,2,7
2 July 2003,United Kingdom ,4,0,4
2 July 2003,United States^7,73,0,63
2 July 2003,Viet Nam,63,5,58
3 July 2003,Brazil,1,0,1
3 July 2003,Canada^4,251,38,193
3 July 2003,China^5,5327,348,4933
3 July 2003,"China, Hong Kong Special Administrative Region^6",1755,298,1429
3 July 2003,"China, Macao Special Administrative Region",1,0,1
3 July 2003,"China, Taiwan ",674,84,498
3 July 2003,Colombia,1,0,1
3 July 2003,Finland,1,0,1
3 July 2003,France,7,0,6
3 July 2003,Germany ,10,0,9
3 July 2003,India,3,0,3
3 July 2003,Indonesia,2,0,2
3 July 2003,Italy,4,0,4
3 July 2003,Kuwait,1,0,1
3 July 2003,Malaysia,5,2,3
3 July 2003,Mongolia,9,0,9
3 July 2003,New Zealand,1,0,1
3 July 2003,Philippines,14,2,12
3 July 2003,Republic of Ireland,1,0,1
3 July 2003,Republic of Korea,3,0,3
3 July 2003,Romania,1,0,1
3 July 2003,Russian Federation,1,0,0
3 July 2003,Singapore ,206,32,171
3 July 2003,South Africa,1,1,0
3 July 2003,Spain,1,0,1
3 July 2003,Sweden,3,0,3
3 July 2003,Switzerland ,1,0,1
3 July 2003,Thailand ,9,2,7
3 July 2003,United Kingdom ,4,0,4
3 July 2003,United States^7,73,0,65
3 July 2003,Viet Nam,63,5,58
4 July 2003,Brazil,1,0,1
4 July 2003,Canada^4,251,38,193
4 July 2003,China^5,5327,348,4934
4 July 2003,"China, Hong Kong Special Administrative Region^6",1755,298,1430
4 July 2003,"China, Macao Special Administrative Region",1,0,1
4 July 2003,"China, Taiwan ",674,84,500
4 July 2003,Colombia,1,0,1
4 July 2003,Finland,1,0,1
4 July 2003,France,7,0,6
4 July 2003,Germany ,10,0,9
4 July 2003,India,3,0,3
4 July 2003,Indonesia,2,0,2
4 July 2003,Italy,4,0,4
4 July 2003,Kuwait,1,0,1
4 July 2003,Malaysia,5,2,3
4 July 2003,Mongolia,9,0,9
4 July 2003,New Zealand,1,0,1
4 July 2003,Philippines,14,2,12
4 July 2003,Republic of Ireland,1,0,1
4 July 2003,Republic of Korea,3,0,3
4 July 2003,Romania,1,0,1
4 July 2003,Russian Federation,1,0,0
4 July 2003,Singapore ,206,32,171
4 July 2003,South Africa,1,1,0
4 July 2003,Spain,1,0,1
4 July 2003,Sweden,3,0,3
4 July 2003,Switzerland ,1,0,1
4 July 2003,Thailand ,9,2,7
4 July 2003,United Kingdom ,4,0,4
4 July 2003,United States^7,73,0,65
4 July 2003,Viet Nam,63,5,58
7 July 2003,Brazil,1,0,1
7 July 2003,Canada^4,251,38,193
7 July 2003,China^5,5327,348,4934
7 July 2003,"China, Hong Kong Special Administrative Region^6",1755,298,1430
7 July 2003,"China, Macao Special Administrative Region",1,0,1
7 July 2003,"China, Taiwan ",674,84,500
7 July 2003,Colombia,1,0,1
7 July 2003,Finland,1,0,1
7 July 2003,France,7,0,6
7 July 2003,Germany ,10,0,9
7 July 2003,India,3,0,3
7 July 2003,Indonesia,2,0,2
7 July 2003,Italy,4,0,4
7 July 2003,Kuwait,1,0,1
7 July 2003,Malaysia,5,2,3
7 July 2003,Mongolia,9,0,9
7 July 2003,New Zealand,1,0,1
7 July 2003,Philippines,14,2,12
7 July 2003,Republic of Ireland,1,0,1
7 July 2003,Republic of Korea,3,0,3
7 July 2003,Romania,1,0,1
7 July 2003,Russian Federation,1,0,0
7 July 2003,Singapore ,206,32,171
7 July 2003,South Africa,1,1,0
7 July 2003,Spain,1,0,1
7 July 2003,Sweden,3,0,3
7 July 2003,Switzerland ,1,0,1
7 July 2003,Thailand ,9,2,7
7 July 2003,United Kingdom ,4,0,4
7 July 2003,United States^7,73,0,65
7 July 2003,Viet Nam,63,5,58
8 July 2003,Brazil,1,0,1
8 July 2003,Canada^4,250,38,194
8 July 2003,China^5,5327,348,4934
8 July 2003,"China, Hong Kong Special Administrative Region^6",1755,298,1430
8 July 2003,"China, Macao Special Administrative Region",1,0,1
8 July 2003,"China, Taiwan ",671,84,502
8 July 2003,Colombia,1,0,1
8 July 2003,Finland,1,0,1
8 July 2003,France,7,0,6
8 July 2003,Germany ,10,0,9
8 July 2003,India,3,0,3
8 July 2003,Indonesia,2,0,2
8 July 2003,Italy,4,0,4
8 July 2003,Kuwait,1,0,1
8 July 2003,Malaysia,5,2,3
8 July 2003,Mongolia,9,0,9
8 July 2003,New Zealand,1,0,1
8 July 2003,Philippines,14,2,12
8 July 2003,Republic of Ireland,1,0,1
8 July 2003,Republic of Korea,3,0,3
8 July 2003,Romania,1,0,1
8 July 2003,Russian Federation,1,0,0
8 July 2003,Singapore ,206,32,171
8 July 2003,South Africa,1,1,0
8 July 2003,Spain,1,0,1
8 July 2003,Sweden,3,0,3
8 July 2003,Switzerland ,1,0,1
8 July 2003,Thailand ,9,2,7
8 July 2003,United Kingdom ,4,0,4
8 July 2003,United States^7,74,0,64
8 July 2003,Viet Nam,63,5,58
9 July 2003,Brazil,1,0,1
9 July 2003,Canada^4,249,38,193
9 July 2003,China^5,5327,348,4939
9 July 2003,"China, Hong Kong Special Administrative Region^6",1755,298,1431
9 July 2003,"China, Macao Special Administrative Region",1,0,1
9 July 2003,"China, Taiwan ",671,84,504
9 July 2003,Colombia,1,0,1
9 July 2003,Finland,1,0,1
9 July 2003,France,7,0,6
9 July 2003,Germany ,10,0,9
9 July 2003,India,3,0,3
9 July 2003,Indonesia,2,0,2
9 July 2003,Italy,4,0,4
9 July 2003,Kuwait,1,0,1
9 July 2003,Malaysia,5,2,3
9 July 2003,Mongolia,9,0,9
9 July 2003,New Zealand,1,0,1
9 July 2003,Philippines,14,2,12
9 July 2003,Republic of Ireland,1,0,1
9 July 2003,Republic of Korea,3,0,3
9 July 2003,Romania,1,0,1
9 July 2003,Russian Federation,1,0,0
9 July 2003,Singapore ,206,32,171
9 July 2003,South Africa,1,1,0
9 July 2003,Spain,1,0,1
9 July 2003,Sweden,3,0,3
9 July 2003,Switzerland ,1,0,1
9 July 2003,Thailand ,9,2,7
9 July 2003,United Kingdom ,4,0,4
9 July 2003,United States^7,75,0,67
9 July 2003,Viet Nam,63,5,58
10 July 2003,Brazil,1,0,1
10 July 2003,Canada^4,250,38,194
10 July 2003,China^5,5327,348,4941
10 July 2003,"China, Hong Kong Special Administrative Region^6",1755,298,1431
10 July 2003,"China, Macao Special Administrative Region",1,0,1
10 July 2003,"China, Taiwan ",671,84,506
10 July 2003,Colombia,1,0,1
10 July 2003,Finland,1,0,1
10 July 2003,France,7,0,6
10 July 2003,Germany ,10,0,9
10 July 2003,India,3,0,3
10 July 2003,Indonesia,2,0,2
10 July 2003,Italy,4,0,4
10 July 2003,Kuwait,1,0,1
10 July 2003,Malaysia,5,2,3
10 July 2003,Mongolia,9,0,9
10 July 2003,New Zealand,1,0,1
10 July 2003,Philippines,14,2,12
10 July 2003,Republic of Ireland,1,0,1
10 July 2003,Republic of Korea,3,0,3
10 July 2003,Romania,1,0,1
10 July 2003,Russian Federation,1,0,0
10 July 2003,Singapore ,206,32,172
10 July 2003,South Africa,1,1,0
10 July 2003,Spain,1,0,1
10 July 2003,Sweden,3,0,3
10 July 2003,Switzerland ,1,0,1
10 July 2003,Thailand ,9,2,7
10 July 2003,United Kingdom ,4,0,4
10 July 2003,United States^7,75,0,67
10 July 2003,Viet Nam,63,5,58
11 July 2003,Brazil,1,0,1
11 July 2003,Canada^4,250,38,194
11 July 2003,China^5,5327,348,4941
11 July 2003,"China, Hong Kong Special Administrative Region^6",1755,298,1433
11 July 2003,"China, Macao Special Administrative Region",1,0,1
11 July 2003,"China, Taiwan ",671,84,507
11 July 2003,Colombia,1,0,1
11 July 2003,Finland,1,0,1
11 July 2003,France,7,1,6
11 July 2003,Germany ,10,0,9
11 July 2003,India,3,0,3
11 July 2003,Indonesia,2,0,2
11 July 2003,Italy,4,0,4
11 July 2003,Kuwait,1,0,1
11 July 2003,Malaysia,5,2,3
11 July 2003,Mongolia,9,0,9
11 July 2003,New Zealand,1,0,1
11 July 2003,Philippines,14,2,12
11 July 2003,Republic of Ireland,1,0,1
11 July 2003,Republic of Korea,3,0,3
11 July 2003,Romania,1,0,1
11 July 2003,Russian Federation,1,0,0
11 July 2003,Singapore ,206,32,172
11 July 2003,South Africa,1,1,0
11 July 2003,Spain,1,0,1
11 July 2003,Sweden,3,0,3
11 July 2003,Switzerland ,1,0,1
11 July 2003,Thailand ,9,2,7
11 July 2003,United Kingdom ,4,0,4
11 July 2003,United States^7,75,0,67
11 July 2003,Viet Nam,63,5,58
